{
    "model": {
        "type": "range_dispatch",
        "property": "custom_model_data",
        "fallback": {
            "type": "model",
            "model": "minecraft:block/white_stained_glass"
        },
        "entries": [
            {
                "threshold": 1,
                "model": {
                    "type": "model",
                    "model": "item/warp_effect"
                }
            },
            {
                "threshold": 2,
                "model": {
                    "type": "model",
                    "model": "item/landfall_pad_glow"
                }
            },
            {
                "threshold": 3,
                "model": {
                    "type": "model",
                    "model": "item/large_spinny"
                }
            },
            {
                "threshold": 4,
                "model": {
                    "type": "model",
                    "model": "item/computers_failed"
                }
            },
            {
                "threshold": 5,
                "model": {
                    "type": "model",
                    "model": "item/cargo_ship"
                }
            },
            {
                "threshold": 6,
                "model": {
                    "type": "model",
                    "model": "item/suit_colour_selection"
                }
            },
            {
                "threshold": 7,
                "model": {
                    "type": "model",
                    "model": "item/server_rack_online"
                }
            },
            {
                "threshold": 8,
                "model": {
                    "type": "model",
                    "model": "item/server_rack_error"
                }
            },
            {
                "threshold": 9,
                "model": {
                    "type": "model",
                    "model": "item/big_drill"
                }
            },
            {
                "threshold": 10,
                "model": {
                    "type": "model",
                    "model": "item/big_drill_head"
                }
            }
        ]
    }
}