{
	"credit": "Made with Blockbench",
	"texture_size": [64, 64],
	"textures": {
		"0": "block/deepslate_tiles",
		"2": "block/polished_deepslate",
		"3": "block/chiseled_copper",
		"4": "block/deepslate_bricks",
		"5": "item/big_drill_track_moving",
		"7": "block/chiseled_deepslate",
		"particle": "block/deepslate_tiles"
	},
	"elements": [
		{
			"from": [6.5, 6.5, 6.5],
			"to": [7.5, 7.5, 7.5],
			"rotation": {"angle": 0, "axis": "y", "origin": [6.5, 6.5, 4.5]},
			"faces": {
				"north": {"uv": [0, 0, 16, 16], "texture": "#0"},
				"east": {"uv": [0, 0, 16, 16], "texture": "#0"},
				"south": {"uv": [0, 0, 16, 16], "texture": "#0"},
				"west": {"uv": [0, 0, 16, 16], "texture": "#0"},
				"up": {"uv": [0, 0, 16, 16], "texture": "#0"},
				"down": {"uv": [0, 0, 16, 16], "texture": "#0"}
			}
		},
		{
			"from": [6.5, 6.5, 7.5],
			"to": [7.5, 7.5, 8.5],
			"rotation": {"angle": 0, "axis": "y", "origin": [6.5, 6.5, 4.5]},
			"faces": {
				"north": {"uv": [0, 0, 16, 16], "texture": "#0"},
				"east": {"uv": [0, 0, 16, 16], "texture": "#0"},
				"south": {"uv": [0, 0, 16, 16], "texture": "#0"},
				"west": {"uv": [0, 0, 16, 16], "texture": "#0"},
				"up": {"uv": [0, 0, 16, 16], "texture": "#0"},
				"down": {"uv": [0, 0, 16, 16], "texture": "#0"}
			}
		},
		{
			"from": [6.5, 6.5, 8.5],
			"to": [7.5, 7.5, 9.5],
			"rotation": {"angle": 0, "axis": "y", "origin": [6.5, 6.5, 4.5]},
			"faces": {
				"north": {"uv": [0, 0, 16, 16], "texture": "#0"},
				"east": {"uv": [0, 0, 16, 16], "texture": "#0"},
				"south": {"uv": [0, 0, 16, 16], "texture": "#0"},
				"west": {"uv": [0, 0, 16, 16], "texture": "#0"},
				"up": {"uv": [0, 0, 16, 16], "texture": "#0"},
				"down": {"uv": [0, 0, 16, 16], "texture": "#0"}
			}
		},
		{
			"from": [7.5, 6.5, 7.5],
			"to": [8.5, 7.5, 8.5],
			"rotation": {"angle": 0, "axis": "y", "origin": [6.5, 6.5, 4.5]},
			"faces": {
				"north": {"uv": [0, 0, 16, 16], "texture": "#3"},
				"east": {"uv": [0, 0, 16, 16], "texture": "#3"},
				"south": {"uv": [0, 0, 16, 16], "texture": "#3"},
				"west": {"uv": [0, 0, 16, 16], "texture": "#3"},
				"up": {"uv": [0, 0, 16, 16], "texture": "#3"},
				"down": {"uv": [0, 0, 16, 16], "texture": "#3"}
			}
		},
		{
			"from": [7.5, 6.5, 6.5],
			"to": [8.5, 7.5, 7.5],
			"rotation": {"angle": 0, "axis": "y", "origin": [6.5, 6.5, 3.5]},
			"faces": {
				"north": {"uv": [0, 0, 16, 16], "texture": "#2"},
				"east": {"uv": [0, 0, 16, 16], "texture": "#2"},
				"south": {"uv": [0, 0, 16, 16], "texture": "#2"},
				"west": {"uv": [0, 0, 16, 16], "texture": "#2"},
				"up": {"uv": [0, 0, 16, 16], "texture": "#2"},
				"down": {"uv": [0, 0, 16, 16], "texture": "#2"}
			}
		},
		{
			"from": [7.5, 6.5, 8.5],
			"to": [8.5, 7.5, 9.5],
			"rotation": {"angle": 0, "axis": "y", "origin": [6.5, 6.5, 4.5]},
			"faces": {
				"north": {"uv": [0, 0, 16, 16], "texture": "#4"},
				"east": {"uv": [0, 0, 16, 16], "texture": "#4"},
				"south": {"uv": [0, 0, 16, 16], "texture": "#4"},
				"west": {"uv": [0, 0, 16, 16], "texture": "#4"},
				"up": {"uv": [0, 0, 16, 16], "texture": "#4"},
				"down": {"uv": [0, 0, 16, 16], "texture": "#4"}
			}
		},
		{
			"from": [8.5, 6.5, 6.5],
			"to": [9.5, 7.5, 7.5],
			"rotation": {"angle": 0, "axis": "y", "origin": [6.5, 6.5, 4.5]},
			"faces": {
				"north": {"uv": [0, 0, 16, 16], "texture": "#0"},
				"east": {"uv": [0, 0, 16, 16], "texture": "#0"},
				"south": {"uv": [0, 0, 16, 16], "texture": "#0"},
				"west": {"uv": [0, 0, 16, 16], "texture": "#0"},
				"up": {"uv": [0, 0, 16, 16], "texture": "#0"},
				"down": {"uv": [0, 0, 16, 16], "texture": "#0"}
			}
		},
		{
			"from": [8.5, 6.5, 7.5],
			"to": [9.5, 7.5, 8.5],
			"rotation": {"angle": 0, "axis": "y", "origin": [6.5, 6.5, 4.5]},
			"faces": {
				"north": {"uv": [0, 0, 16, 16], "texture": "#0"},
				"east": {"uv": [0, 0, 16, 16], "texture": "#0"},
				"south": {"uv": [0, 0, 16, 16], "texture": "#0"},
				"west": {"uv": [0, 0, 16, 16], "texture": "#0"},
				"up": {"uv": [0, 0, 16, 16], "texture": "#0"},
				"down": {"uv": [0, 0, 16, 16], "texture": "#0"}
			}
		},
		{
			"from": [8.5, 6.5, 8.5],
			"to": [9.5, 7.5, 9.5],
			"rotation": {"angle": 0, "axis": "y", "origin": [6.5, 6.5, 4.5]},
			"faces": {
				"north": {"uv": [0, 0, 16, 16], "texture": "#0"},
				"east": {"uv": [0, 0, 16, 16], "texture": "#0"},
				"south": {"uv": [0, 0, 16, 16], "texture": "#0"},
				"west": {"uv": [0, 0, 16, 16], "texture": "#0"},
				"up": {"uv": [0, 0, 16, 16], "texture": "#0"},
				"down": {"uv": [0, 0, 16, 16], "texture": "#0"}
			}
		},
		{
			"from": [6.5, 7.5, 7.5],
			"to": [7.5, 8.5, 8.5],
			"rotation": {"angle": 0, "axis": "y", "origin": [6.5, 6.5, 4.5]},
			"faces": {
				"north": {"uv": [0, 0, 16, 16], "texture": "#3"},
				"east": {"uv": [0, 0, 16, 16], "texture": "#3"},
				"south": {"uv": [0, 0, 16, 16], "texture": "#3"},
				"west": {"uv": [0, 0, 16, 16], "texture": "#3"},
				"up": {"uv": [0, 0, 16, 16], "texture": "#3"},
				"down": {"uv": [0, 0, 16, 16], "texture": "#3"}
			}
		},
		{
			"from": [6.5, 7.5, 6.5],
			"to": [7.5, 8.5, 7.5],
			"rotation": {"angle": 0, "axis": "y", "origin": [6.5, 6.5, 3.5]},
			"faces": {
				"north": {"uv": [0, 0, 16, 16], "texture": "#2"},
				"east": {"uv": [0, 0, 16, 16], "texture": "#2"},
				"south": {"uv": [0, 0, 16, 16], "texture": "#2"},
				"west": {"uv": [0, 0, 16, 16], "texture": "#2"},
				"up": {"uv": [0, 0, 16, 16], "texture": "#2"},
				"down": {"uv": [0, 0, 16, 16], "texture": "#2"}
			}
		},
		{
			"from": [6.5, 7.5, 8.5],
			"to": [7.5, 8.5, 9.5],
			"rotation": {"angle": 0, "axis": "y", "origin": [6.5, 6.5, 4.5]},
			"faces": {
				"north": {"uv": [0, 0, 16, 16], "texture": "#4"},
				"east": {"uv": [0, 0, 16, 16], "texture": "#4"},
				"south": {"uv": [0, 0, 16, 16], "texture": "#4"},
				"west": {"uv": [0, 0, 16, 16], "texture": "#4"},
				"up": {"uv": [0, 0, 16, 16], "texture": "#4"},
				"down": {"uv": [0, 0, 16, 16], "texture": "#4"}
			}
		},
		{
			"from": [7.5, 7.5, 7.5],
			"to": [8.5, 8.5, 8.5],
			"rotation": {"angle": 0, "axis": "y", "origin": [6.5, 6.5, 4.5]},
			"faces": {
				"east": {"uv": [0, 0, 16, 16], "texture": "#3"},
				"south": {"uv": [0, 0, 16, 16], "texture": "#3"},
				"west": {"uv": [0, 0, 16, 16], "texture": "#3"},
				"up": {"uv": [0, 0, 16, 16], "texture": "#3"},
				"down": {"uv": [0, 0, 16, 16], "texture": "#3"}
			}
		},
		{
			"from": [7.5, 7.5, 8.5],
			"to": [8.5, 8.5, 9.5],
			"rotation": {"angle": 0, "axis": "y", "origin": [6.5, 6.5, 4.5]},
			"faces": {
				"north": {"uv": [0, 0, 16, 16], "texture": "#7"},
				"east": {"uv": [0, 0, 16, 16], "texture": "#7"},
				"south": {"uv": [0, 0, 16, 16], "texture": "#7"},
				"west": {"uv": [0, 0, 16, 16], "texture": "#7"},
				"up": {"uv": [0, 0, 16, 16], "texture": "#7"},
				"down": {"uv": [0, 0, 16, 16], "texture": "#7"}
			}
		},
		{
			"from": [8.5, 7.5, 7.5],
			"to": [9.5, 8.5, 8.5],
			"rotation": {"angle": 0, "axis": "y", "origin": [6.5, 6.5, 4.5]},
			"faces": {
				"north": {"uv": [0, 0, 16, 16], "texture": "#3"},
				"east": {"uv": [0, 0, 16, 16], "texture": "#3"},
				"south": {"uv": [0, 0, 16, 16], "texture": "#3"},
				"west": {"uv": [0, 0, 16, 16], "texture": "#3"},
				"up": {"uv": [0, 0, 16, 16], "texture": "#3"},
				"down": {"uv": [0, 0, 16, 16], "texture": "#3"}
			}
		},
		{
			"from": [8.5, 7.5, 6.5],
			"to": [9.5, 8.5, 7.5],
			"rotation": {"angle": 0, "axis": "y", "origin": [6.5, 6.5, 3.5]},
			"faces": {
				"north": {"uv": [0, 0, 16, 16], "texture": "#2"},
				"east": {"uv": [0, 0, 16, 16], "texture": "#2"},
				"south": {"uv": [0, 0, 16, 16], "texture": "#2"},
				"west": {"uv": [0, 0, 16, 16], "texture": "#2"},
				"up": {"uv": [0, 0, 16, 16], "texture": "#2"},
				"down": {"uv": [0, 0, 16, 16], "texture": "#2"}
			}
		},
		{
			"from": [8.5, 7.5, 8.5],
			"to": [9.5, 8.5, 9.5],
			"rotation": {"angle": 0, "axis": "y", "origin": [6.5, 6.5, 4.5]},
			"faces": {
				"north": {"uv": [0, 0, 16, 16], "texture": "#4"},
				"east": {"uv": [0, 0, 16, 16], "texture": "#4"},
				"south": {"uv": [0, 0, 16, 16], "texture": "#4"},
				"west": {"uv": [0, 0, 16, 16], "texture": "#4"},
				"up": {"uv": [0, 0, 16, 16], "texture": "#4"},
				"down": {"uv": [0, 0, 16, 16], "texture": "#4"}
			}
		},
		{
			"from": [6.5, 8.5, 6.5],
			"to": [7.5, 9.5, 7.5],
			"rotation": {"angle": 0, "axis": "y", "origin": [6.5, 6.5, 4.5]},
			"faces": {
				"north": {"uv": [0, 0, 16, 16], "texture": "#0"},
				"east": {"uv": [0, 0, 16, 16], "texture": "#0"},
				"south": {"uv": [0, 0, 16, 16], "texture": "#0"},
				"west": {"uv": [0, 0, 16, 16], "texture": "#0"},
				"up": {"uv": [0, 0, 16, 16], "texture": "#0"},
				"down": {"uv": [0, 0, 16, 16], "texture": "#0"}
			}
		},
		{
			"from": [6.5, 8.5, 7.5],
			"to": [7.5, 9.5, 8.5],
			"rotation": {"angle": 0, "axis": "y", "origin": [6.5, 6.5, 4.5]},
			"faces": {
				"north": {"uv": [0, 0, 16, 16], "texture": "#0"},
				"east": {"uv": [0, 0, 16, 16], "texture": "#0"},
				"south": {"uv": [0, 0, 16, 16], "texture": "#0"},
				"west": {"uv": [0, 0, 16, 16], "texture": "#0"},
				"up": {"uv": [0, 0, 16, 16], "texture": "#0"},
				"down": {"uv": [0, 0, 16, 16], "texture": "#0"}
			}
		},
		{
			"from": [6.5, 8.5, 8.5],
			"to": [7.5, 9.5, 9.5],
			"rotation": {"angle": 0, "axis": "y", "origin": [6.5, 6.5, 4.5]},
			"faces": {
				"north": {"uv": [0, 0, 16, 16], "texture": "#0"},
				"east": {"uv": [0, 0, 16, 16], "texture": "#0"},
				"south": {"uv": [0, 0, 16, 16], "texture": "#0"},
				"west": {"uv": [0, 0, 16, 16], "texture": "#0"},
				"up": {"uv": [0, 0, 16, 16], "texture": "#0"},
				"down": {"uv": [0, 0, 16, 16], "texture": "#0"}
			}
		},
		{
			"from": [7.5, 8.5, 7.5],
			"to": [8.5, 9.5, 8.5],
			"rotation": {"angle": 0, "axis": "y", "origin": [6.5, 6.5, 4.5]},
			"faces": {
				"north": {"uv": [0, 0, 16, 16], "texture": "#3"},
				"east": {"uv": [0, 0, 16, 16], "texture": "#3"},
				"south": {"uv": [0, 0, 16, 16], "texture": "#3"},
				"west": {"uv": [0, 0, 16, 16], "texture": "#3"},
				"up": {"uv": [0, 0, 16, 16], "texture": "#3"},
				"down": {"uv": [0, 0, 16, 16], "texture": "#3"}
			}
		},
		{
			"from": [7.5, 8.5, 6.5],
			"to": [8.5, 9.5, 7.5],
			"rotation": {"angle": 0, "axis": "y", "origin": [6.5, 6.5, 3.5]},
			"faces": {
				"north": {"uv": [0, 0, 16, 16], "texture": "#2"},
				"east": {"uv": [0, 0, 16, 16], "texture": "#2"},
				"south": {"uv": [0, 0, 16, 16], "texture": "#2"},
				"west": {"uv": [0, 0, 16, 16], "texture": "#2"},
				"up": {"uv": [0, 0, 16, 16], "texture": "#2"},
				"down": {"uv": [0, 0, 16, 16], "texture": "#2"}
			}
		},
		{
			"from": [7.5, 7.5, 6.5],
			"to": [8.5, 8.5, 7.5],
			"rotation": {"angle": 0, "axis": "y", "origin": [6.5, 5.5, 3.5]},
			"faces": {
				"north": {"uv": [0, 0, 16, 16], "texture": "#2"},
				"east": {"uv": [0, 0, 16, 16], "texture": "#2"},
				"south": {"uv": [0, 0, 16, 16], "texture": "#2"},
				"west": {"uv": [0, 0, 16, 16], "texture": "#2"},
				"up": {"uv": [0, 0, 16, 16], "texture": "#2"},
				"down": {"uv": [0, 0, 16, 16], "texture": "#2"}
			}
		},
		{
			"from": [7.5, 8.5, 8.5],
			"to": [8.5, 9.5, 9.5],
			"rotation": {"angle": 0, "axis": "y", "origin": [6.5, 6.5, 4.5]},
			"faces": {
				"north": {"uv": [0, 0, 16, 16], "texture": "#4"},
				"east": {"uv": [0, 0, 16, 16], "texture": "#4"},
				"south": {"uv": [0, 0, 16, 16], "texture": "#4"},
				"west": {"uv": [0, 0, 16, 16], "texture": "#4"},
				"up": {"uv": [0, 0, 16, 16], "texture": "#4"},
				"down": {"uv": [0, 0, 16, 16], "texture": "#4"}
			}
		},
		{
			"from": [8.5, 8.5, 6.5],
			"to": [9.5, 9.5, 7.5],
			"rotation": {"angle": 0, "axis": "y", "origin": [6.5, 6.5, 4.5]},
			"faces": {
				"north": {"uv": [0, 0, 16, 16], "texture": "#0"},
				"east": {"uv": [0, 0, 16, 16], "texture": "#0"},
				"south": {"uv": [0, 0, 16, 16], "texture": "#0"},
				"west": {"uv": [0, 0, 16, 16], "texture": "#0"},
				"up": {"uv": [0, 0, 16, 16], "texture": "#0"},
				"down": {"uv": [0, 0, 16, 16], "texture": "#0"}
			}
		},
		{
			"from": [8.5, 8.5, 7.5],
			"to": [9.5, 9.5, 8.5],
			"rotation": {"angle": 0, "axis": "y", "origin": [6.5, 6.5, 4.5]},
			"faces": {
				"north": {"uv": [0, 0, 16, 16], "texture": "#0"},
				"east": {"uv": [0, 0, 16, 16], "texture": "#0"},
				"south": {"uv": [0, 0, 16, 16], "texture": "#0"},
				"west": {"uv": [0, 0, 16, 16], "texture": "#0"},
				"up": {"uv": [0, 0, 16, 16], "texture": "#0"},
				"down": {"uv": [0, 0, 16, 16], "texture": "#0"}
			}
		},
		{
			"from": [8.5, 8.5, 8.5],
			"to": [9.5, 9.5, 9.5],
			"rotation": {"angle": 0, "axis": "y", "origin": [6.5, 6.5, 4.5]},
			"faces": {
				"north": {"uv": [0, 0, 16, 16], "texture": "#0"},
				"east": {"uv": [0, 0, 16, 16], "texture": "#0"},
				"south": {"uv": [0, 0, 16, 16], "texture": "#0"},
				"west": {"uv": [0, 0, 16, 16], "texture": "#0"},
				"up": {"uv": [0, 0, 16, 16], "texture": "#0"},
				"down": {"uv": [0, 0, 16, 16], "texture": "#0"}
			}
		},
		{
			"from": [6.499, 6.5, 6.5],
			"to": [6.499, 7.5, 7.5],
			"rotation": {"angle": 0, "axis": "y", "origin": [6.5, 7, 7]},
			"faces": {
				"north": {"uv": [0, 0, 0, 0.5], "texture": "#missing"},
				"east": {"uv": [0, 0, 0.5, 0.5], "texture": "#missing"},
				"south": {"uv": [0, 0, 0, 0.5], "texture": "#missing"},
				"west": {"uv": [16, 0, 0, 16], "texture": "#5"},
				"up": {"uv": [0, 0, 0, 0.5], "texture": "#missing"},
				"down": {"uv": [0, 0, 0, 0.5], "texture": "#missing"}
			}
		},
		{
			"from": [6.499, 6.5, 7.5],
			"to": [6.499, 7.5, 8.5],
			"rotation": {"angle": 0, "axis": "y", "origin": [6.5, 7, 8]},
			"faces": {
				"north": {"uv": [0, 0, 0, 0.5], "texture": "#missing"},
				"east": {"uv": [0, 0, 0.5, 0.5], "texture": "#missing"},
				"south": {"uv": [0, 0, 0, 0.5], "texture": "#missing"},
				"west": {"uv": [16, 0, 0, 16], "texture": "#5"},
				"up": {"uv": [0, 0, 0, 0.5], "texture": "#missing"},
				"down": {"uv": [0, 0, 0, 0.5], "texture": "#missing"}
			}
		},
		{
			"from": [6.499, 6.5, 8.5],
			"to": [6.499, 7.5, 9.5],
			"rotation": {"angle": 0, "axis": "y", "origin": [6.5, 7, 9]},
			"faces": {
				"north": {"uv": [0, 0, 0, 0.5], "texture": "#missing"},
				"east": {"uv": [0, 0, 0.5, 0.5], "texture": "#missing"},
				"south": {"uv": [0, 0, 0, 0.5], "texture": "#missing"},
				"west": {"uv": [16, 0, 0, 16], "texture": "#5"},
				"up": {"uv": [0, 0, 0, 0.5], "texture": "#missing"},
				"down": {"uv": [0, 0, 0, 0.5], "texture": "#missing"}
			}
		},
		{
			"from": [6.499, 8.5, 6.5],
			"to": [6.499, 9.5, 7.5],
			"rotation": {"angle": 0, "axis": "y", "origin": [6.5, 9, 7]},
			"faces": {
				"north": {"uv": [0, 0, 0, 0.5], "texture": "#missing"},
				"east": {"uv": [0, 0, 0.5, 0.5], "texture": "#missing"},
				"south": {"uv": [0, 0, 0, 0.5], "texture": "#missing"},
				"west": {"uv": [16, 0, 0, 16], "texture": "#5"},
				"up": {"uv": [0, 0, 0, 0.5], "texture": "#missing"},
				"down": {"uv": [0, 0, 0, 0.5], "texture": "#missing"}
			}
		},
		{
			"from": [6.499, 8.5, 7.5],
			"to": [6.499, 9.5, 8.5],
			"rotation": {"angle": 0, "axis": "y", "origin": [6.5, 9, 8]},
			"faces": {
				"north": {"uv": [0, 0, 0, 0.5], "texture": "#missing"},
				"east": {"uv": [0, 0, 0.5, 0.5], "texture": "#missing"},
				"south": {"uv": [0, 0, 0, 0.5], "texture": "#missing"},
				"west": {"uv": [16, 0, 0, 16], "texture": "#5"},
				"up": {"uv": [0, 0, 0, 0.5], "texture": "#missing"},
				"down": {"uv": [0, 0, 0, 0.5], "texture": "#missing"}
			}
		},
		{
			"from": [6.499, 8.5, 8.5],
			"to": [6.499, 9.5, 9.5],
			"rotation": {"angle": 0, "axis": "y", "origin": [6.5, 9, 9]},
			"faces": {
				"north": {"uv": [0, 0, 0, 0.5], "texture": "#missing"},
				"east": {"uv": [0, 0, 0.5, 0.5], "texture": "#missing"},
				"south": {"uv": [0, 0, 0, 0.5], "texture": "#missing"},
				"west": {"uv": [16, 0, 0, 16], "texture": "#5"},
				"up": {"uv": [0, 0, 0, 0.5], "texture": "#missing"},
				"down": {"uv": [0, 0, 0, 0.5], "texture": "#missing"}
			}
		},
		{
			"from": [9.501, 8.5, 8.5],
			"to": [9.501, 9.5, 9.5],
			"rotation": {"angle": 0, "axis": "y", "origin": [9, 9, 9]},
			"faces": {
				"north": {"uv": [0, 0, 0, 0.5], "texture": "#missing"},
				"east": {"uv": [0, 0, 16, 16], "texture": "#5"},
				"south": {"uv": [0, 0, 0, 0.5], "texture": "#missing"},
				"west": {"uv": [0, 0, 0.5, 0.5], "texture": "#missing"},
				"up": {"uv": [0, 0, 0, 0.5], "rotation": 180, "texture": "#missing"},
				"down": {"uv": [0, 0, 0, 0.5], "rotation": 180, "texture": "#missing"}
			}
		},
		{
			"from": [9.501, 6.5, 8.5],
			"to": [9.501, 7.5, 9.5],
			"rotation": {"angle": 0, "axis": "y", "origin": [9, 7, 9]},
			"faces": {
				"north": {"uv": [0, 0, 0, 0.5], "texture": "#missing"},
				"east": {"uv": [0, 0, 16, 16], "texture": "#5"},
				"south": {"uv": [0, 0, 0, 0.5], "texture": "#missing"},
				"west": {"uv": [0, 0, 0.5, 0.5], "texture": "#missing"},
				"up": {"uv": [0, 0, 0, 0.5], "rotation": 180, "texture": "#missing"},
				"down": {"uv": [0, 0, 0, 0.5], "rotation": 180, "texture": "#missing"}
			}
		},
		{
			"from": [9.501, 8.5, 7.5],
			"to": [9.501, 9.5, 8.5],
			"rotation": {"angle": 0, "axis": "y", "origin": [9, 9, 8]},
			"faces": {
				"north": {"uv": [0, 0, 0, 0.5], "texture": "#missing"},
				"east": {"uv": [0, 0, 16, 16], "texture": "#5"},
				"south": {"uv": [0, 0, 0, 0.5], "texture": "#missing"},
				"west": {"uv": [0, 0, 0.5, 0.5], "texture": "#missing"},
				"up": {"uv": [0, 0, 0, 0.5], "rotation": 180, "texture": "#missing"},
				"down": {"uv": [0, 0, 0, 0.5], "rotation": 180, "texture": "#missing"}
			}
		},
		{
			"from": [9.501, 6.5, 7.5],
			"to": [9.501, 7.5, 8.5],
			"rotation": {"angle": 0, "axis": "y", "origin": [9, 7, 8]},
			"faces": {
				"north": {"uv": [0, 0, 0, 0.5], "texture": "#missing"},
				"east": {"uv": [0, 0, 16, 16], "texture": "#5"},
				"south": {"uv": [0, 0, 0, 0.5], "texture": "#missing"},
				"west": {"uv": [0, 0, 0.5, 0.5], "texture": "#missing"},
				"up": {"uv": [0, 0, 0, 0.5], "rotation": 180, "texture": "#missing"},
				"down": {"uv": [0, 0, 0, 0.5], "rotation": 180, "texture": "#missing"}
			}
		},
		{
			"from": [9.501, 8.5, 6.5],
			"to": [9.501, 9.5, 7.5],
			"rotation": {"angle": 0, "axis": "y", "origin": [9, 9, 7]},
			"faces": {
				"north": {"uv": [0, 0, 0, 0.5], "texture": "#missing"},
				"east": {"uv": [0, 0, 16, 16], "texture": "#5"},
				"south": {"uv": [0, 0, 0, 0.5], "texture": "#missing"},
				"west": {"uv": [0, 0, 0.5, 0.5], "texture": "#missing"},
				"up": {"uv": [0, 0, 0, 0.5], "rotation": 180, "texture": "#missing"},
				"down": {"uv": [0, 0, 0, 0.5], "rotation": 180, "texture": "#missing"}
			}
		},
		{
			"from": [9.501, 6.5, 6.5],
			"to": [9.501, 7.5, 7.5],
			"rotation": {"angle": 0, "axis": "y", "origin": [9, 7, 7]},
			"faces": {
				"north": {"uv": [0, 0, 0, 0.5], "texture": "#missing"},
				"east": {"uv": [0, 0, 16, 16], "texture": "#5"},
				"south": {"uv": [0, 0, 0, 0.5], "texture": "#missing"},
				"west": {"uv": [0, 0, 0.5, 0.5], "texture": "#missing"},
				"up": {"uv": [0, 0, 0, 0.5], "rotation": 180, "texture": "#missing"},
				"down": {"uv": [0, 0, 0, 0.5], "rotation": 180, "texture": "#missing"}
			}
		},
		{
			"from": [6.5, 9.501, 6.5],
			"to": [7.5, 9.501, 7.5],
			"rotation": {"angle": 0, "axis": "z", "origin": [8, 8, 8]},
			"faces": {
				"north": {"uv": [0, 0, 0, 0.5], "rotation": 270, "texture": "#missing"},
				"east": {"uv": [0, 0, 0, 0.5], "rotation": 90, "texture": "#missing"},
				"south": {"uv": [0, 0, 0, 0.5], "rotation": 90, "texture": "#missing"},
				"west": {"uv": [0, 0, 0, 0.5], "rotation": 90, "texture": "#missing"},
				"up": {"uv": [16, 0, 0, 16], "rotation": 90, "texture": "#5"},
				"down": {"uv": [0, 0, 0.5, 0.5], "rotation": 90, "texture": "#missing"}
			}
		},
		{
			"from": [6.5, 9.501, 7.5],
			"to": [7.5, 9.501, 8.5],
			"rotation": {"angle": 0, "axis": "z", "origin": [8, 8, 8]},
			"faces": {
				"north": {"uv": [0, 0, 0, 0.5], "rotation": 270, "texture": "#missing"},
				"east": {"uv": [0, 0, 0, 0.5], "rotation": 90, "texture": "#missing"},
				"south": {"uv": [0, 0, 0, 0.5], "rotation": 90, "texture": "#missing"},
				"west": {"uv": [0, 0, 0, 0.5], "rotation": 90, "texture": "#missing"},
				"up": {"uv": [16, 0, 0, 16], "rotation": 90, "texture": "#5"},
				"down": {"uv": [0, 0, 0.5, 0.5], "rotation": 90, "texture": "#missing"}
			}
		},
		{
			"from": [6.5, 9.501, 8.5],
			"to": [7.5, 9.501, 9.5],
			"rotation": {"angle": 0, "axis": "z", "origin": [8, 8, 8]},
			"faces": {
				"north": {"uv": [0, 0, 0, 0.5], "rotation": 270, "texture": "#missing"},
				"east": {"uv": [0, 0, 0, 0.5], "rotation": 90, "texture": "#missing"},
				"south": {"uv": [0, 0, 0, 0.5], "rotation": 90, "texture": "#missing"},
				"west": {"uv": [0, 0, 0, 0.5], "rotation": 90, "texture": "#missing"},
				"up": {"uv": [16, 0, 0, 16], "rotation": 90, "texture": "#5"},
				"down": {"uv": [0, 0, 0.5, 0.5], "rotation": 90, "texture": "#missing"}
			}
		},
		{
			"from": [8.5, 9.501, 6.5],
			"to": [9.5, 9.501, 7.5],
			"rotation": {"angle": 0, "axis": "z", "origin": [8, 8, 8]},
			"faces": {
				"north": {"uv": [0, 0, 0, 0.5], "rotation": 270, "texture": "#missing"},
				"east": {"uv": [0, 0, 0, 0.5], "rotation": 90, "texture": "#missing"},
				"south": {"uv": [0, 0, 0, 0.5], "rotation": 90, "texture": "#missing"},
				"west": {"uv": [0, 0, 0, 0.5], "rotation": 90, "texture": "#missing"},
				"up": {"uv": [16, 0, 0, 16], "rotation": 90, "texture": "#5"},
				"down": {"uv": [0, 0, 0.5, 0.5], "rotation": 90, "texture": "#missing"}
			}
		},
		{
			"from": [8.5, 9.501, 7.5],
			"to": [9.5, 9.501, 8.5],
			"rotation": {"angle": 0, "axis": "z", "origin": [8, 8, 8]},
			"faces": {
				"north": {"uv": [0, 0, 0, 0.5], "rotation": 270, "texture": "#missing"},
				"east": {"uv": [0, 0, 0, 0.5], "rotation": 90, "texture": "#missing"},
				"south": {"uv": [0, 0, 0, 0.5], "rotation": 90, "texture": "#missing"},
				"west": {"uv": [0, 0, 0, 0.5], "rotation": 90, "texture": "#missing"},
				"up": {"uv": [16, 0, 0, 16], "rotation": 90, "texture": "#5"},
				"down": {"uv": [0, 0, 0.5, 0.5], "rotation": 90, "texture": "#missing"}
			}
		},
		{
			"from": [8.5, 9.501, 8.5],
			"to": [9.5, 9.501, 9.5],
			"rotation": {"angle": 0, "axis": "z", "origin": [8, 8, 8]},
			"faces": {
				"north": {"uv": [0, 0, 0, 0.5], "rotation": 270, "texture": "#missing"},
				"east": {"uv": [0, 0, 0, 0.5], "rotation": 90, "texture": "#missing"},
				"south": {"uv": [0, 0, 0, 0.5], "rotation": 90, "texture": "#missing"},
				"west": {"uv": [0, 0, 0, 0.5], "rotation": 90, "texture": "#missing"},
				"up": {"uv": [16, 0, 0, 16], "rotation": 90, "texture": "#5"},
				"down": {"uv": [0, 0, 0.5, 0.5], "rotation": 90, "texture": "#missing"}
			}
		},
		{
			"from": [8.5, 6.499, 8.5],
			"to": [9.5, 6.499, 9.5],
			"rotation": {"angle": 0, "axis": "z", "origin": [8, 8, 8]},
			"faces": {
				"north": {"uv": [0, 0, 0, 0.5], "rotation": 270, "texture": "#missing"},
				"east": {"uv": [0, 0, 0, 0.5], "rotation": 270, "texture": "#missing"},
				"south": {"uv": [0, 0, 0, 0.5], "rotation": 90, "texture": "#missing"},
				"west": {"uv": [0, 0, 0, 0.5], "rotation": 270, "texture": "#missing"},
				"up": {"uv": [0, 0, 0.5, 0.5], "rotation": 90, "texture": "#missing"},
				"down": {"uv": [0, 0, 16, 16], "rotation": 90, "texture": "#5"}
			}
		},
		{
			"from": [6.5, 6.499, 8.5],
			"to": [7.5, 6.499, 9.5],
			"rotation": {"angle": 0, "axis": "z", "origin": [8, 8, 8]},
			"faces": {
				"north": {"uv": [0, 0, 0, 0.5], "rotation": 270, "texture": "#missing"},
				"east": {"uv": [0, 0, 0, 0.5], "rotation": 270, "texture": "#missing"},
				"south": {"uv": [0, 0, 0, 0.5], "rotation": 90, "texture": "#missing"},
				"west": {"uv": [0, 0, 0, 0.5], "rotation": 270, "texture": "#missing"},
				"up": {"uv": [0, 0, 0.5, 0.5], "rotation": 90, "texture": "#missing"},
				"down": {"uv": [0, 0, 16, 16], "rotation": 90, "texture": "#5"}
			}
		},
		{
			"from": [8.5, 6.499, 7.5],
			"to": [9.5, 6.499, 8.5],
			"rotation": {"angle": 0, "axis": "z", "origin": [8, 8, 8]},
			"faces": {
				"north": {"uv": [0, 0, 0, 0.5], "rotation": 270, "texture": "#missing"},
				"east": {"uv": [0, 0, 0, 0.5], "rotation": 270, "texture": "#missing"},
				"south": {"uv": [0, 0, 0, 0.5], "rotation": 90, "texture": "#missing"},
				"west": {"uv": [0, 0, 0, 0.5], "rotation": 270, "texture": "#missing"},
				"up": {"uv": [0, 0, 0.5, 0.5], "rotation": 90, "texture": "#missing"},
				"down": {"uv": [0, 0, 16, 16], "rotation": 90, "texture": "#5"}
			}
		},
		{
			"from": [6.5, 6.499, 7.5],
			"to": [7.5, 6.499, 8.5],
			"rotation": {"angle": 0, "axis": "z", "origin": [8, 8, 8]},
			"faces": {
				"north": {"uv": [0, 0, 0, 0.5], "rotation": 270, "texture": "#missing"},
				"east": {"uv": [0, 0, 0, 0.5], "rotation": 270, "texture": "#missing"},
				"south": {"uv": [0, 0, 0, 0.5], "rotation": 90, "texture": "#missing"},
				"west": {"uv": [0, 0, 0, 0.5], "rotation": 270, "texture": "#missing"},
				"up": {"uv": [0, 0, 0.5, 0.5], "rotation": 90, "texture": "#missing"},
				"down": {"uv": [0, 0, 16, 16], "rotation": 90, "texture": "#5"}
			}
		},
		{
			"from": [8.5, 6.499, 6.5],
			"to": [9.5, 6.499, 7.5],
			"rotation": {"angle": 0, "axis": "z", "origin": [8, 8, 8]},
			"faces": {
				"north": {"uv": [0, 0, 0, 0.5], "rotation": 270, "texture": "#missing"},
				"east": {"uv": [0, 0, 0, 0.5], "rotation": 270, "texture": "#missing"},
				"south": {"uv": [0, 0, 0, 0.5], "rotation": 90, "texture": "#missing"},
				"west": {"uv": [0, 0, 0, 0.5], "rotation": 270, "texture": "#missing"},
				"up": {"uv": [0, 0, 0.5, 0.5], "rotation": 90, "texture": "#missing"},
				"down": {"uv": [0, 0, 16, 16], "rotation": 90, "texture": "#5"}
			}
		},
		{
			"from": [6.5, 6.499, 6.5],
			"to": [7.5, 6.499, 7.5],
			"rotation": {"angle": 0, "axis": "z", "origin": [8, 8, 8]},
			"faces": {
				"north": {"uv": [0, 0, 0, 0.5], "rotation": 270, "texture": "#missing"},
				"east": {"uv": [0, 0, 0, 0.5], "rotation": 270, "texture": "#missing"},
				"south": {"uv": [0, 0, 0, 0.5], "rotation": 90, "texture": "#missing"},
				"west": {"uv": [0, 0, 0, 0.5], "rotation": 270, "texture": "#missing"},
				"up": {"uv": [0, 0, 0.5, 0.5], "rotation": 90, "texture": "#missing"},
				"down": {"uv": [0, 0, 16, 16], "rotation": 90, "texture": "#5"}
			}
		},
		{
			"from": [9.376, 8.5, 9.501],
			"to": [9.501, 9.5, 9.501],
			"rotation": {"angle": 0, "axis": "y", "origin": [9, 9, 9]},
			"faces": {
				"north": {"uv": [0, 0, 0.5, 0.5], "texture": "#missing"},
				"east": {"uv": [0, 0, 0, 0.5], "texture": "#missing"},
				"south": {"uv": [14, 0, 16, 16], "texture": "#5"},
				"west": {"uv": [0, 0, 0, 0.5], "texture": "#missing"},
				"up": {"uv": [0, 0, 0, 0.5], "rotation": 270, "texture": "#missing"},
				"down": {"uv": [0, 0, 0, 0.5], "rotation": 90, "texture": "#missing"}
			}
		},
		{
			"from": [8.5, 9.376, 9.501],
			"to": [9.5, 9.501, 9.501],
			"rotation": {"angle": 0, "axis": "z", "origin": [9, 9, 9]},
			"faces": {
				"north": {"uv": [0, 0, 0.5, 0.5], "rotation": 90, "texture": "#missing"},
				"east": {"uv": [0, 0, 0, 0.5], "texture": "#missing"},
				"south": {"uv": [14, 0, 16, 16], "rotation": 270, "texture": "#5"},
				"west": {"uv": [0, 0, 0, 0.5], "rotation": 180, "texture": "#missing"},
				"up": {"uv": [0, 0, 0, 0.5], "rotation": 270, "texture": "#missing"},
				"down": {"uv": [0, 0, 0, 0.5], "rotation": 270, "texture": "#missing"}
			}
		},
		{
			"from": [8.5, 9.376, 6.499],
			"to": [9.5, 9.501, 6.499],
			"rotation": {"angle": 0, "axis": "z", "origin": [9, 9, 7]},
			"faces": {
				"north": {"uv": [2, 0, 0, 16], "rotation": 270, "texture": "#5"},
				"east": {"uv": [0, 0, 0, 0.5], "rotation": 180, "texture": "#missing"},
				"south": {"uv": [0, 0, 0.5, 0.5], "rotation": 90, "texture": "#missing"},
				"west": {"uv": [0, 0, 0, 0.5], "texture": "#missing"},
				"up": {"uv": [0, 0, 0, 0.5], "rotation": 90, "texture": "#missing"},
				"down": {"uv": [0, 0, 0, 0.5], "rotation": 90, "texture": "#missing"}
			}
		},
		{
			"from": [9.376, 8.5, 6.499],
			"to": [9.501, 9.5, 6.499],
			"rotation": {"angle": 0, "axis": "z", "origin": [9, 9, 7]},
			"faces": {
				"north": {"uv": [2, 0, 0, 16], "rotation": 180, "texture": "#5"},
				"east": {"uv": [0, 0, 0, 0.5], "rotation": 180, "texture": "#missing"},
				"south": {"uv": [0, 0, 0.5, 0.5], "rotation": 180, "texture": "#missing"},
				"west": {"uv": [0, 0, 0, 0.5], "rotation": 180, "texture": "#missing"},
				"up": {"uv": [0, 0, 0, 0.5], "rotation": 90, "texture": "#missing"},
				"down": {"uv": [0, 0, 0, 0.5], "rotation": 270, "texture": "#missing"}
			}
		},
		{
			"from": [8.5, 6.499, 9.501],
			"to": [9.5, 6.624, 9.501],
			"rotation": {"angle": 0, "axis": "z", "origin": [9, 7, 9]},
			"faces": {
				"north": {"uv": [0, 0, 0.5, 0.5], "rotation": 270, "texture": "#missing"},
				"east": {"uv": [0, 0, 0, 0.5], "texture": "#missing"},
				"south": {"uv": [14, 0, 16, 16], "rotation": 90, "texture": "#5"},
				"west": {"uv": [0, 0, 0, 0.5], "rotation": 180, "texture": "#missing"},
				"up": {"uv": [0, 0, 0, 0.5], "rotation": 90, "texture": "#missing"},
				"down": {"uv": [0, 0, 0, 0.5], "rotation": 90, "texture": "#missing"}
			}
		},
		{
			"from": [9.376, 6.5, 9.501],
			"to": [9.501, 7.5, 9.501],
			"rotation": {"angle": 0, "axis": "z", "origin": [9, 7, 9]},
			"faces": {
				"north": {"uv": [0, 0, 0.5, 0.5], "texture": "#missing"},
				"east": {"uv": [0, 0, 0, 0.5], "texture": "#missing"},
				"south": {"uv": [14, 0, 16, 16], "texture": "#5"},
				"west": {"uv": [0, 0, 0, 0.5], "texture": "#missing"},
				"up": {"uv": [0, 0, 0, 0.5], "rotation": 270, "texture": "#missing"},
				"down": {"uv": [0, 0, 0, 0.5], "rotation": 90, "texture": "#missing"}
			}
		},
		{
			"from": [9.376, 6.5, 6.499],
			"to": [9.501, 7.5, 6.499],
			"rotation": {"angle": 0, "axis": "z", "origin": [9, 7, 7]},
			"faces": {
				"north": {"uv": [2, 0, 0, 16], "rotation": 180, "texture": "#5"},
				"east": {"uv": [0, 0, 0, 0.5], "rotation": 180, "texture": "#missing"},
				"south": {"uv": [0, 0, 0.5, 0.5], "rotation": 180, "texture": "#missing"},
				"west": {"uv": [0, 0, 0, 0.5], "rotation": 180, "texture": "#missing"},
				"up": {"uv": [0, 0, 0, 0.5], "rotation": 90, "texture": "#missing"},
				"down": {"uv": [0, 0, 0, 0.5], "rotation": 270, "texture": "#missing"}
			}
		},
		{
			"from": [8.5, 6.499, 6.499],
			"to": [9.5, 6.624, 6.499],
			"rotation": {"angle": 0, "axis": "z", "origin": [9, 7, 7]},
			"faces": {
				"north": {"uv": [2, 0, 0, 16], "rotation": 90, "texture": "#5"},
				"east": {"uv": [0, 0, 0, 0.5], "rotation": 180, "texture": "#missing"},
				"south": {"uv": [0, 0, 0.5, 0.5], "rotation": 270, "texture": "#missing"},
				"west": {"uv": [0, 0, 0, 0.5], "texture": "#missing"},
				"up": {"uv": [0, 0, 0, 0.5], "rotation": 270, "texture": "#missing"},
				"down": {"uv": [0, 0, 0, 0.5], "rotation": 270, "texture": "#missing"}
			}
		},
		{
			"from": [6.499, 6.5, 9.501],
			"to": [6.624, 7.5, 9.501],
			"rotation": {"angle": 0, "axis": "z", "origin": [7, 7, 9]},
			"faces": {
				"north": {"uv": [0, 0, 0.5, 0.5], "rotation": 180, "texture": "#missing"},
				"east": {"uv": [0, 0, 0, 0.5], "rotation": 180, "texture": "#missing"},
				"south": {"uv": [14, 0, 16, 16], "rotation": 180, "texture": "#5"},
				"west": {"uv": [0, 0, 0, 0.5], "rotation": 180, "texture": "#missing"},
				"up": {"uv": [0, 0, 0, 0.5], "rotation": 270, "texture": "#missing"},
				"down": {"uv": [0, 0, 0, 0.5], "rotation": 90, "texture": "#missing"}
			}
		},
		{
			"from": [6.5, 6.499, 9.501],
			"to": [7.5, 6.624, 9.501],
			"rotation": {"angle": 0, "axis": "z", "origin": [7, 7, 9]},
			"faces": {
				"north": {"uv": [0, 0, 0.5, 0.5], "rotation": 270, "texture": "#missing"},
				"east": {"uv": [0, 0, 0, 0.5], "texture": "#missing"},
				"south": {"uv": [14, 0, 16, 16], "rotation": 90, "texture": "#5"},
				"west": {"uv": [0, 0, 0, 0.5], "rotation": 180, "texture": "#missing"},
				"up": {"uv": [0, 0, 0, 0.5], "rotation": 90, "texture": "#missing"},
				"down": {"uv": [0, 0, 0, 0.5], "rotation": 90, "texture": "#missing"}
			}
		},
		{
			"from": [6.5, 6.499, 6.499],
			"to": [7.5, 6.624, 6.499],
			"rotation": {"angle": 0, "axis": "z", "origin": [7, 7, 7]},
			"faces": {
				"north": {"uv": [2, 0, 0, 16], "rotation": 90, "texture": "#5"},
				"east": {"uv": [0, 0, 0, 0.5], "rotation": 180, "texture": "#missing"},
				"south": {"uv": [0, 0, 0.5, 0.5], "rotation": 270, "texture": "#missing"},
				"west": {"uv": [0, 0, 0, 0.5], "texture": "#missing"},
				"up": {"uv": [0, 0, 0, 0.5], "rotation": 270, "texture": "#missing"},
				"down": {"uv": [0, 0, 0, 0.5], "rotation": 270, "texture": "#missing"}
			}
		},
		{
			"from": [6.499, 6.5, 6.499],
			"to": [6.624, 7.5, 6.499],
			"rotation": {"angle": 0, "axis": "z", "origin": [7, 7, 7]},
			"faces": {
				"north": {"uv": [2, 0, 0, 16], "texture": "#5"},
				"east": {"uv": [0, 0, 0, 0.5], "texture": "#missing"},
				"south": {"uv": [0, 0, 0.5, 0.5], "texture": "#missing"},
				"west": {"uv": [0, 0, 0, 0.5], "texture": "#missing"},
				"up": {"uv": [0, 0, 0, 0.5], "rotation": 90, "texture": "#missing"},
				"down": {"uv": [0, 0, 0, 0.5], "rotation": 270, "texture": "#missing"}
			}
		},
		{
			"from": [6.5, 9.376, 9.501],
			"to": [7.5, 9.501, 9.501],
			"rotation": {"angle": 0, "axis": "z", "origin": [7, 9, 9]},
			"faces": {
				"north": {"uv": [0, 0, 0.5, 0.5], "rotation": 90, "texture": "#missing"},
				"east": {"uv": [0, 0, 0, 0.5], "texture": "#missing"},
				"south": {"uv": [14, 0, 16, 16], "rotation": 270, "texture": "#5"},
				"west": {"uv": [0, 0, 0, 0.5], "rotation": 180, "texture": "#missing"},
				"up": {"uv": [0, 0, 0, 0.5], "rotation": 270, "texture": "#missing"},
				"down": {"uv": [0, 0, 0, 0.5], "rotation": 270, "texture": "#missing"}
			}
		},
		{
			"from": [6.499, 8.5, 9.501],
			"to": [6.624, 9.5, 9.501],
			"rotation": {"angle": 0, "axis": "z", "origin": [7, 9, 9]},
			"faces": {
				"north": {"uv": [0, 0, 0.5, 0.5], "rotation": 180, "texture": "#missing"},
				"east": {"uv": [0, 0, 0, 0.5], "rotation": 180, "texture": "#missing"},
				"south": {"uv": [14, 0, 16, 16], "rotation": 180, "texture": "#5"},
				"west": {"uv": [0, 0, 0, 0.5], "rotation": 180, "texture": "#missing"},
				"up": {"uv": [0, 0, 0, 0.5], "rotation": 270, "texture": "#missing"},
				"down": {"uv": [0, 0, 0, 0.5], "rotation": 90, "texture": "#missing"}
			}
		},
		{
			"from": [6.499, 8.5, 6.499],
			"to": [6.624, 9.5, 6.499],
			"rotation": {"angle": 0, "axis": "z", "origin": [7, 9, 7]},
			"faces": {
				"north": {"uv": [2, 0, 0, 16], "texture": "#5"},
				"east": {"uv": [0, 0, 0, 0.5], "texture": "#missing"},
				"south": {"uv": [0, 0, 0.5, 0.5], "texture": "#missing"},
				"west": {"uv": [0, 0, 0, 0.5], "texture": "#missing"},
				"up": {"uv": [0, 0, 0, 0.5], "rotation": 90, "texture": "#missing"},
				"down": {"uv": [0, 0, 0, 0.5], "rotation": 270, "texture": "#missing"}
			}
		},
		{
			"from": [6.5, 9.376, 6.499],
			"to": [7.5, 9.501, 6.499],
			"rotation": {"angle": 0, "axis": "z", "origin": [7, 9, 7]},
			"faces": {
				"north": {"uv": [2, 0, 0, 16], "rotation": 270, "texture": "#5"},
				"east": {"uv": [0, 0, 0, 0.5], "rotation": 180, "texture": "#missing"},
				"south": {"uv": [0, 0, 0.5, 0.5], "rotation": 90, "texture": "#missing"},
				"west": {"uv": [0, 0, 0, 0.5], "texture": "#missing"},
				"up": {"uv": [0, 0, 0, 0.5], "rotation": 90, "texture": "#missing"},
				"down": {"uv": [0, 0, 0, 0.5], "rotation": 90, "texture": "#missing"}
			}
		}
	],
	"groups": [
		{
			"name": "structure",
			"origin": [8, 8, 8],
			"color": 0,
			"children": [0, 1, 2, 3, 4, 5, 6, 7, 8, 9, 10, 11, 12, 13, 14, 15, 16, 17, 18, 19, 20, 21, 22, 23, 24, 25, 26]
		},
		{
			"name": "group",
			"origin": [9, 7, 7],
			"color": 0,
			"children": [27, 28, 29, 30, 31, 32, 33, 34, 35, 36, 37, 38]
		},
		{
			"name": "group",
			"origin": [9, 7, 7],
			"color": 0,
			"children": [39, 40, 41, 42, 43, 44, 45, 46, 47, 48, 49, 50]
		},
		{
			"name": "group",
			"origin": [9, 9, 9],
			"color": 0,
			"children": [51, 52]
		},
		{
			"name": "group",
			"origin": [9, 9, 9],
			"color": 0,
			"children": [53, 54]
		},
		{
			"name": "group",
			"origin": [9, 9, 9],
			"color": 0,
			"children": [55, 56]
		},
		{
			"name": "group",
			"origin": [9, 9, 9],
			"color": 0,
			"children": [57, 58]
		},
		{
			"name": "group",
			"origin": [9, 9, 9],
			"color": 0,
			"children": [59, 60]
		},
		{
			"name": "group",
			"origin": [9, 9, 9],
			"color": 0,
			"children": [61, 62]
		},
		{
			"name": "group",
			"origin": [9, 9, 9],
			"color": 0,
			"children": [63, 64]
		},
		{
			"name": "group",
			"origin": [9, 9, 9],
			"color": 0,
			"children": [65, 66]
		}
	]
}