{
	"credit": "Made with Blockbench",
	"textures": {
		"1": "block/nether_bricks",
		"particle": "block/deepslate_tiles"
	},
	"elements": [
		{
			"from": [7.5, 6.5, 7],
			"to": [8.5, 7.5, 8],
			"rotation": {"angle": 0, "axis": "y", "origin": [6.5, 6.5, 6]},
			"faces": {
				"north": {"uv": [0, 0, 16, 16], "texture": "#1"},
				"east": {"uv": [0, 0, 16, 16], "texture": "#1"},
				"south": {"uv": [0, 0, 16, 16], "texture": "#1"},
				"west": {"uv": [0, 0, 16, 16], "texture": "#1"},
				"down": {"uv": [0, 0, 16, 16], "texture": "#1"}
			}
		},
		{
			"from": [6.5, 7.5, 7],
			"to": [7.5, 8.5, 8],
			"rotation": {"angle": 0, "axis": "y", "origin": [6.5, 6.5, 6]},
			"faces": {
				"north": {"uv": [0, 0, 16, 16], "texture": "#1"},
				"south": {"uv": [0, 0, 16, 16], "texture": "#1"},
				"west": {"uv": [0, 0, 16, 16], "texture": "#1"},
				"up": {"uv": [0, 0, 16, 16], "texture": "#1"},
				"down": {"uv": [0, 0, 16, 16], "texture": "#1"}
			}
		},
		{
			"from": [7.5, 7.5, 6],
			"to": [8.5, 8.5, 7],
			"rotation": {"angle": 0, "axis": "y", "origin": [6.5, 6.5, 6]},
			"faces": {
				"north": {"uv": [0, 0, 16, 16], "texture": "#1"},
				"east": {"uv": [0, 0, 16, 16], "texture": "#1"},
				"west": {"uv": [0, 0, 16, 16], "texture": "#1"},
				"up": {"uv": [0, 0, 16, 16], "texture": "#1"},
				"down": {"uv": [0, 0, 16, 16], "texture": "#1"}
			}
		},
		{
			"from": [8.5, 7.5, 7],
			"to": [9.5, 8.5, 8],
			"rotation": {"angle": 0, "axis": "y", "origin": [6.5, 6.5, 6]},
			"faces": {
				"north": {"uv": [0, 0, 16, 16], "texture": "#1"},
				"east": {"uv": [0, 0, 16, 16], "texture": "#1"},
				"south": {"uv": [0, 0, 16, 16], "texture": "#1"},
				"up": {"uv": [0, 0, 16, 16], "texture": "#1"},
				"down": {"uv": [0, 0, 16, 16], "texture": "#1"}
			}
		},
		{
			"from": [7.5, 8.5, 7],
			"to": [8.5, 9.5, 8],
			"rotation": {"angle": 0, "axis": "y", "origin": [6.5, 6.5, 6]},
			"faces": {
				"north": {"uv": [0, 0, 16, 16], "texture": "#1"},
				"east": {"uv": [0, 0, 16, 16], "texture": "#1"},
				"south": {"uv": [0, 0, 16, 16], "texture": "#1"},
				"west": {"uv": [0, 0, 16, 16], "texture": "#1"},
				"up": {"uv": [0, 0, 16, 16], "texture": "#1"}
			}
		},
		{
			"from": [6.5, 7, 7],
			"to": [7.5, 7.5, 8],
			"rotation": {"angle": 0, "axis": "y", "origin": [6.5, 6.5, 6]},
			"faces": {
				"north": {"uv": [0, 0, 16, 8], "texture": "#1"},
				"south": {"uv": [0, 0, 16, 8], "texture": "#1"},
				"west": {"uv": [0, 0, 16, 8], "texture": "#1"},
				"down": {"uv": [0, 0, 16, 16], "texture": "#1"}
			}
		},
		{
			"from": [7, 6.5, 7],
			"to": [7.5, 7, 8],
			"rotation": {"angle": 0, "axis": "y", "origin": [6.5, 6.5, 6]},
			"faces": {
				"north": {"uv": [0, 8, 8, 16], "texture": "#1"},
				"south": {"uv": [8, 8, 16, 16], "texture": "#1"},
				"west": {"uv": [0, 8, 16, 16], "texture": "#1"},
				"down": {"uv": [8, 0, 16, 16], "texture": "#1"}
			}
		},
		{
			"from": [7.5, 7, 6],
			"to": [8.5, 7.5, 7],
			"rotation": {"angle": 0, "axis": "y", "origin": [6.5, 6.5, 6]},
			"faces": {
				"north": {"uv": [0, 0, 16, 8], "texture": "#1"},
				"east": {"uv": [0, 0, 16, 8], "texture": "#1"},
				"west": {"uv": [0, 0, 16, 8], "texture": "#1"},
				"down": {"uv": [0, 0, 16, 16], "texture": "#1"}
			}
		},
		{
			"from": [7.5, 6.5, 6.5],
			"to": [8.5, 7, 7],
			"rotation": {"angle": 0, "axis": "y", "origin": [6.5, 6.5, 6]},
			"faces": {
				"north": {"uv": [0, 8, 16, 16], "texture": "#1"},
				"east": {"uv": [0, 8, 8, 16], "texture": "#1"},
				"west": {"uv": [8, 8, 16, 16], "texture": "#1"},
				"down": {"uv": [0, 0, 16, 8], "texture": "#1"}
			}
		},
		{
			"from": [8.5, 7, 7],
			"to": [9.5, 7.5, 8],
			"rotation": {"angle": 0, "axis": "y", "origin": [6.5, 6.5, 6]},
			"faces": {
				"north": {"uv": [0, 0, 16, 8], "texture": "#1"},
				"east": {"uv": [0, 0, 16, 8], "texture": "#1"},
				"south": {"uv": [0, 0, 16, 8], "texture": "#1"},
				"down": {"uv": [0, 0, 16, 16], "texture": "#1"}
			}
		},
		{
			"from": [8.5, 6.5, 7],
			"to": [9, 7, 8],
			"rotation": {"angle": 0, "axis": "y", "origin": [6.5, 6.5, 6]},
			"faces": {
				"north": {"uv": [8, 8, 16, 16], "texture": "#1"},
				"east": {"uv": [0, 8, 16, 16], "texture": "#1"},
				"south": {"uv": [0, 8, 8, 16], "texture": "#1"},
				"down": {"uv": [0, 0, 8, 16], "texture": "#1"}
			}
		},
		{
			"from": [6.5, 8.5, 7],
			"to": [7.5, 9, 8],
			"rotation": {"angle": 0, "axis": "y", "origin": [6.5, 6.5, 6]},
			"faces": {
				"north": {"uv": [0, 8, 16, 16], "texture": "#1"},
				"south": {"uv": [0, 8, 16, 16], "texture": "#1"},
				"west": {"uv": [0, 8, 16, 16], "texture": "#1"},
				"up": {"uv": [0, 0, 16, 16], "texture": "#1"}
			}
		},
		{
			"from": [7, 9, 7],
			"to": [7.5, 9.5, 8],
			"rotation": {"angle": 0, "axis": "y", "origin": [6.5, 6.5, 6]},
			"faces": {
				"north": {"uv": [0, 0, 8, 8], "texture": "#1"},
				"south": {"uv": [8, 0, 16, 8], "texture": "#1"},
				"west": {"uv": [0, 0, 16, 8], "texture": "#1"},
				"up": {"uv": [8, 0, 16, 16], "texture": "#1"}
			}
		},
		{
			"from": [7.5, 8.5, 6],
			"to": [8.5, 9, 7],
			"rotation": {"angle": 0, "axis": "y", "origin": [6.5, 6.5, 6]},
			"faces": {
				"north": {"uv": [0, 8, 16, 16], "texture": "#1"},
				"east": {"uv": [0, 8, 16, 16], "texture": "#1"},
				"west": {"uv": [0, 8, 16, 16], "texture": "#1"},
				"up": {"uv": [0, 0, 16, 16], "texture": "#1"}
			}
		},
		{
			"from": [7, 7.5, 6],
			"to": [7.5, 8.5, 7],
			"rotation": {"angle": 0, "axis": "z", "origin": [7.25, 8, 6.5]},
			"faces": {
				"north": {"uv": [0, 0, 8, 16], "texture": "#1"},
				"west": {"uv": [0, 0, 16, 16], "texture": "#1"},
				"up": {"uv": [0, 0, 8, 16], "rotation": 180, "texture": "#1"},
				"down": {"uv": [0, 0, 8, 16], "texture": "#1"}
			}
		},
		{
			"from": [8.5, 7.5, 6],
			"to": [9, 8.5, 7],
			"rotation": {"angle": 0, "axis": "z", "origin": [8.75, 8, 6.5]},
			"faces": {
				"north": {"uv": [0, 0, 8, 16], "texture": "#1"},
				"east": {"uv": [0, 0, 16, 16], "texture": "#1"},
				"up": {"uv": [0, 0, 8, 16], "texture": "#1"},
				"down": {"uv": [0, 0, 8, 16], "texture": "#1"}
			}
		},
		{
			"from": [7.5, 9, 6.5],
			"to": [8.5, 9.5, 7],
			"rotation": {"angle": 0, "axis": "y", "origin": [6.5, 6.5, 6]},
			"faces": {
				"north": {"uv": [0, 0, 16, 8], "texture": "#1"},
				"east": {"uv": [0, 0, 8, 8], "texture": "#1"},
				"west": {"uv": [8, 0, 16, 8], "texture": "#1"},
				"up": {"uv": [0, 8, 16, 16], "texture": "#1"}
			}
		},
		{
			"from": [6.5, 7.5, 6.5],
			"to": [7, 8.5, 7],
			"rotation": {"angle": 0, "axis": "z", "origin": [6.75, 8, 6.75]},
			"faces": {
				"north": {"uv": [0, 0, 8, 16], "texture": "#1"},
				"west": {"uv": [0, 0, 8, 16], "texture": "#1"},
				"up": {"uv": [0, 0, 8, 8], "rotation": 180, "texture": "#1"},
				"down": {"uv": [8, 0, 16, 8], "texture": "#1"}
			}
		},
		{
			"from": [9, 7.5, 6.5],
			"to": [9.5, 8.5, 7],
			"rotation": {"angle": 0, "axis": "z", "origin": [9.25, 8, 6.75]},
			"faces": {
				"north": {"uv": [0, 0, 8, 16], "texture": "#1"},
				"east": {"uv": [0, 0, 8, 16], "texture": "#1"},
				"up": {"uv": [16, 0, 8, 8], "texture": "#1"},
				"down": {"uv": [0, 0, 8, 8], "texture": "#1"}
			}
		},
		{
			"from": [8.5, 8.5, 7],
			"to": [9.5, 9, 8],
			"rotation": {"angle": 0, "axis": "y", "origin": [6.5, 6.5, 6]},
			"faces": {
				"north": {"uv": [0, 8, 16, 16], "texture": "#1"},
				"east": {"uv": [0, 8, 16, 16], "texture": "#1"},
				"south": {"uv": [0, 8, 16, 16], "texture": "#1"},
				"up": {"uv": [0, 0, 16, 16], "texture": "#1"}
			}
		},
		{
			"from": [8.5, 9, 7],
			"to": [9, 9.5, 8],
			"rotation": {"angle": 0, "axis": "y", "origin": [6.5, 6.5, 6]},
			"faces": {
				"north": {"uv": [8, 0, 16, 8], "texture": "#1"},
				"east": {"uv": [0, 0, 16, 8], "texture": "#1"},
				"south": {"uv": [0, 0, 8, 8], "texture": "#1"},
				"up": {"uv": [0, 0, 8, 16], "texture": "#1"}
			}
		}
	],
	"groups": [
		{
			"name": "structure",
			"origin": [8, 8, 8],
			"color": 0,
			"children": [0, 1, 2, 3, 4, 5, 6, 7, 8, 9, 10, 11, 12, 13, 14, 15, 16, 17, 18, 19, 20]
		}
	]
}