{
	"credit": "Made with Blockbench",
	"textures": {
		"2": "item/spyglass_model",
		"3": "block/blast_furnace_front",
		"4": "block/blast_furnace_side",
		"5": "block/blast_furnace_top",
		"6": "block/copper_block",
		"7": "block/lightning_rod",
		"8": "block/crafter_top",
		"particle": "block/crafter_top"
	},
	"elements": [
		{
			"from": [6.5, 6.55, -1.8],
			"to": [9.5, 9.55, 5.2],
			"rotation": {"angle": 0, "axis": "y", "origin": [8, 8.05, 4.6]},
			"faces": {
				"north": {"uv": [0, 13, 2, 15], "texture": "#2"},
				"east": {"uv": [0, 13, 2, 8], "rotation": 90, "texture": "#2"},
				"south": {"uv": [0, 15, 1, 16], "texture": "#2"},
				"west": {"uv": [0, 8, 2, 13], "rotation": 90, "texture": "#2"},
				"up": {"uv": [2, 13, 0, 8], "texture": "#2"},
				"down": {"uv": [2, 8, 0, 13], "texture": "#2"}
			}
		},
		{
			"from": [4, 4, 3.5],
			"to": [12, 12, 13.5],
			"rotation": {"angle": 0, "axis": "y", "origin": [7, 2, 3.5]},
			"faces": {
				"north": {"uv": [4, 1, 12, 9], "texture": "#4"},
				"east": {"uv": [3, 6, 13, 14], "texture": "#3"},
				"south": {"uv": [4, 1, 12, 9], "texture": "#4"},
				"west": {"uv": [13, 6, 3, 14], "texture": "#3"},
				"up": {"uv": [4, 4, 12, 14], "texture": "#5"},
				"down": {"uv": [4, 4, 12, 14], "texture": "#5"}
			}
		},
		{
			"from": [5, 3, 2.5],
			"to": [11, 13, 14.5],
			"rotation": {"angle": 0, "axis": "y", "origin": [7, 4, 11.5]},
			"faces": {
				"north": {"uv": [0, 0, 6, 10], "texture": "#6"},
				"east": {"uv": [2, 3, 14, 13], "texture": "#6"},
				"south": {"uv": [0, 0, 6, 10], "texture": "#6"},
				"west": {"uv": [2, 3, 14, 13], "texture": "#6"},
				"up": {"uv": [2, 11, 14, 5], "rotation": 90, "texture": "#6"},
				"down": {"uv": [2, 5, 14, 11], "rotation": 90, "texture": "#6"}
			}
		},
		{
			"from": [11, 7, 2.5],
			"to": [13, 9, 14.5],
			"rotation": {"angle": 0, "axis": "y", "origin": [12, 7, 9.5]},
			"faces": {
				"north": {"uv": [1, 1, 3, 3], "texture": "#7"},
				"east": {"uv": [0, 4, 2, 16], "rotation": 90, "texture": "#7"},
				"south": {"uv": [0, 14, 2, 16], "texture": "#7"},
				"west": {"uv": [0, 4, 2, 16], "rotation": 90, "texture": "#7"},
				"up": {"uv": [0, 4, 2, 16], "texture": "#7"},
				"down": {"uv": [0, 16, 2, 4], "texture": "#7"}
			}
		},
		{
			"from": [3, 7, 2.5],
			"to": [5, 9, 14.5],
			"rotation": {"angle": 0, "axis": "y", "origin": [4, 7, 9.5]},
			"faces": {
				"north": {"uv": [1, 1, 3, 3], "texture": "#7"},
				"east": {"uv": [0, 4, 2, 16], "rotation": 90, "texture": "#7"},
				"south": {"uv": [0, 14, 2, 16], "texture": "#7"},
				"west": {"uv": [0, 16, 2, 4], "rotation": 90, "texture": "#7"},
				"up": {"uv": [0, 4, 2, 16], "texture": "#7"},
				"down": {"uv": [0, 16, 2, 4], "texture": "#7"}
			}
		},
		{
			"from": [3.5, 3.5, 13.5],
			"to": [12.5, 12.5, 15.5],
			"rotation": {"angle": 0, "axis": "y", "origin": [8, 8, 14]},
			"faces": {
				"north": {"uv": [2, 4, 12, 14], "texture": "#5"},
				"east": {"uv": [13, 3, 15, 13], "texture": "#8"},
				"south": {"uv": [3, 3, 13, 13], "texture": "#8"},
				"west": {"uv": [1, 3, 3, 13], "texture": "#8"},
				"up": {"uv": [3, 1, 13, 3], "texture": "#8"},
				"down": {"uv": [3, 15, 13, 13], "rotation": 180, "texture": "#8"}
			}
		}
	],
	"gui_light": "front",
	"display": {
		"thirdperson_righthand": {
			"rotation": [75, 45, 0],
			"translation": [0, 2.5, 0],
			"scale": [0.5, 0.5, 0.5]
		},
		"thirdperson_lefthand": {
			"rotation": [75, 45, 0],
			"translation": [0, 2.5, 0],
			"scale": [0.5, 0.5, 0.5]
		},
		"firstperson_righthand": {
			"rotation": [0, 45, 0],
			"scale": [0.4, 0.4, 0.4]
		},
		"firstperson_lefthand": {
			"rotation": [0, 225, 0],
			"scale": [0.4, 0.4, 0.4]
		},
		"ground": {
			"translation": [0, 2, 0],
			"scale": [0.5, 0.5, 0.5]
		},
		"gui": {
			"rotation": [30, 225, 0],
			"translation": [0.5, 0, 0],
			"scale": [0.85, 0.85, 0.85]
		},
		"head": {
			"rotation": [0, 180, 0],
			"translation": [0, 13, 7]
		},
		"fixed": {
			"rotation": [0, 90, 0],
			"translation": [1, 0, 0]
		}
	}
}