{
	"credit": "Made with Blockbench",
	"textures": {
		"0": "item/ftl_tube_60",
		"particle": "item/ftl_tube_60"
	},
	"elements": [
		{
			"from": [6, 6, 6],
			"to": [10, 10, 10],
			"rotation": {"angle": 0, "axis": "y", "origin": [7, 6, 7]},
			"faces": {
				"north": {"uv": [0, 0, 4, 4], "texture": "#0"},
				"east": {"uv": [0, 4, 4, 8], "texture": "#0"},
				"south": {"uv": [8, 0, 4, 4], "texture": "#0"},
				"west": {"uv": [8, 4, 4, 8], "texture": "#0"},
				"up": {"uv": [4, 12, 0, 8], "texture": "#0"},
				"down": {"uv": [12, 0, 8, 4], "texture": "#0"}
			}
		},
		{
			"from": [10, 10, 10],
			"to": [6, 6, 6],
			"rotation": {"angle": 0, "axis": "y", "origin": [7, 6, 7]},
			"faces": {
				"north": {"uv": [4, 4, 0, 0], "texture": "#0"},
				"east": {"uv": [4, 8, 0, 4], "texture": "#0"},
				"south": {"uv": [4, 4, 8, 0], "texture": "#0"},
				"west": {"uv": [4, 8, 8, 4], "texture": "#0"},
				"up": {"uv": [0, 8, 4, 12], "texture": "#0"},
				"down": {"uv": [8, 4, 12, 0], "texture": "#0"}
			}
		},
		{
			"from": [8.75, 8.75, 8.75],
			"to": [7.25, 7.25, 7.25],
			"rotation": {"angle": -45, "axis": "z", "origin": [8, 8, 8]},
			"faces": {
				"north": {"uv": [9, 11, 8, 12], "rotation": 270, "texture": "#0"},
				"east": {"uv": [9, 10, 10, 11], "rotation": 270, "texture": "#0"},
				"south": {"uv": [11, 11, 10, 10], "rotation": 270, "texture": "#0"},
				"west": {"uv": [8, 10, 9, 11], "rotation": 90, "texture": "#0"},
				"up": {"uv": [10, 8, 11, 9], "rotation": 180, "texture": "#0"},
				"down": {"uv": [10, 9, 11, 10], "texture": "#0"}
			}
		},
		{
			"from": [7.75, 7.75, 7.75],
			"to": [8.25, 8.25, 8.25],
			"rotation": {"angle": -45, "axis": "z", "origin": [8, 8, 8]},
			"faces": {
				"north": {"uv": [9, 11, 8, 12], "rotation": 270, "texture": "#0"},
				"east": {"uv": [9, 10, 10, 11], "rotation": 270, "texture": "#0"},
				"south": {"uv": [11, 11, 10, 10], "rotation": 270, "texture": "#0"},
				"west": {"uv": [8, 10, 9, 11], "rotation": 90, "texture": "#0"},
				"up": {"uv": [10, 8, 11, 9], "rotation": 180, "texture": "#0"},
				"down": {"uv": [10, 9, 11, 10], "texture": "#0"}
			}
		},
		{
			"from": [8.5, 8.5, 8.5],
			"to": [7.5, 7.5, 7.5],
			"rotation": {"angle": -45, "axis": "z", "origin": [8, 8, 8]},
			"faces": {
				"north": {"uv": [9, 11, 8, 12], "rotation": 270, "texture": "#0"},
				"east": {"uv": [9, 10, 10, 11], "rotation": 270, "texture": "#0"},
				"south": {"uv": [11, 11, 10, 10], "rotation": 270, "texture": "#0"},
				"west": {"uv": [8, 10, 9, 11], "rotation": 90, "texture": "#0"},
				"up": {"uv": [10, 8, 11, 9], "rotation": 180, "texture": "#0"},
				"down": {"uv": [10, 9, 11, 10], "texture": "#0"}
			}
		},
		{
			"from": [7.5, 7.5, 7.5],
			"to": [8.5, 8.5, 8.5],
			"rotation": {"angle": -45, "axis": "z", "origin": [8, 8, 8]},
			"faces": {
				"north": {"uv": [9, 11, 8, 12], "rotation": 270, "texture": "#0"},
				"east": {"uv": [9, 10, 10, 11], "rotation": 270, "texture": "#0"},
				"south": {"uv": [11, 11, 10, 10], "rotation": 270, "texture": "#0"},
				"west": {"uv": [8, 10, 9, 11], "rotation": 90, "texture": "#0"},
				"up": {"uv": [10, 8, 11, 9], "rotation": 180, "texture": "#0"},
				"down": {"uv": [10, 9, 11, 10], "texture": "#0"}
			}
		},
		{
			"from": [8.75, 8.75, 8.75],
			"to": [7.25, 7.25, 7.25],
			"rotation": {"angle": -45, "axis": "x", "origin": [8, 8, 8]},
			"faces": {
				"north": {"uv": [9, 11, 8, 12], "rotation": 270, "texture": "#0"},
				"east": {"uv": [9, 10, 10, 11], "rotation": 270, "texture": "#0"},
				"south": {"uv": [11, 11, 10, 10], "rotation": 270, "texture": "#0"},
				"west": {"uv": [8, 10, 9, 11], "rotation": 90, "texture": "#0"},
				"up": {"uv": [10, 8, 11, 9], "rotation": 180, "texture": "#0"},
				"down": {"uv": [10, 9, 11, 10], "texture": "#0"}
			}
		},
		{
			"from": [7.75, 7.75, 7.75],
			"to": [8.25, 8.25, 8.25],
			"rotation": {"angle": -45, "axis": "x", "origin": [8, 8, 8]},
			"faces": {
				"north": {"uv": [9, 11, 8, 12], "rotation": 270, "texture": "#0"},
				"east": {"uv": [9, 10, 10, 11], "rotation": 270, "texture": "#0"},
				"south": {"uv": [11, 11, 10, 10], "rotation": 270, "texture": "#0"},
				"west": {"uv": [8, 10, 9, 11], "rotation": 90, "texture": "#0"},
				"up": {"uv": [10, 8, 11, 9], "rotation": 180, "texture": "#0"},
				"down": {"uv": [10, 9, 11, 10], "texture": "#0"}
			}
		},
		{
			"from": [8.5, 8.5, 8.5],
			"to": [7.5, 7.5, 7.5],
			"rotation": {"angle": -45, "axis": "x", "origin": [8, 8, 8]},
			"faces": {
				"north": {"uv": [9, 11, 8, 12], "rotation": 270, "texture": "#0"},
				"east": {"uv": [9, 10, 10, 11], "rotation": 270, "texture": "#0"},
				"south": {"uv": [11, 11, 10, 10], "rotation": 270, "texture": "#0"},
				"west": {"uv": [8, 10, 9, 11], "rotation": 90, "texture": "#0"},
				"up": {"uv": [10, 8, 11, 9], "rotation": 180, "texture": "#0"},
				"down": {"uv": [10, 9, 11, 10], "texture": "#0"}
			}
		},
		{
			"from": [7.5, 7.5, 7.5],
			"to": [8.5, 8.5, 8.5],
			"rotation": {"angle": -45, "axis": "x", "origin": [8, 8, 8]},
			"faces": {
				"north": {"uv": [9, 11, 8, 12], "rotation": 270, "texture": "#0"},
				"east": {"uv": [9, 10, 10, 11], "rotation": 270, "texture": "#0"},
				"south": {"uv": [11, 11, 10, 10], "rotation": 270, "texture": "#0"},
				"west": {"uv": [8, 10, 9, 11], "rotation": 90, "texture": "#0"},
				"up": {"uv": [10, 8, 11, 9], "rotation": 180, "texture": "#0"},
				"down": {"uv": [10, 9, 11, 10], "texture": "#0"}
			}
		},
		{
			"from": [7, 7, 10],
			"to": [9, 9, 14],
			"rotation": {"angle": 0, "axis": "y", "origin": [7, 7, 10]},
			"faces": {
				"north": {"uv": [6, 10, 8, 12], "texture": "#0"},
				"east": {"uv": [4, 8, 8, 10], "texture": "#0"},
				"south": {"uv": [10, 6, 12, 8], "texture": "#0"},
				"west": {"uv": [8, 4, 12, 6], "texture": "#0"},
				"up": {"uv": [10, 10, 8, 6], "texture": "#0"},
				"down": {"uv": [6, 10, 4, 14], "texture": "#0"}
			}
		},
		{
			"from": [8.75, 8.75, 8.75],
			"to": [7.25, 7.25, 7.25],
			"rotation": {"angle": 45, "axis": "y", "origin": [8, 8, 8]},
			"faces": {
				"north": {"uv": [8, 10, 9, 11], "rotation": 90, "texture": "#0"},
				"east": {"uv": [9, 11, 8, 12], "rotation": 270, "texture": "#0"},
				"south": {"uv": [9, 10, 10, 11], "rotation": 270, "texture": "#0"},
				"west": {"uv": [11, 11, 10, 10], "rotation": 270, "texture": "#0"},
				"up": {"uv": [10, 8, 11, 9], "rotation": 270, "texture": "#0"},
				"down": {"uv": [10, 9, 11, 10], "rotation": 270, "texture": "#0"}
			}
		},
		{
			"from": [7.75, 7.75, 7.75],
			"to": [8.25, 8.25, 8.25],
			"rotation": {"angle": 45, "axis": "y", "origin": [8, 8, 8]},
			"faces": {
				"north": {"uv": [8, 10, 9, 11], "rotation": 90, "texture": "#0"},
				"east": {"uv": [9, 11, 8, 12], "rotation": 270, "texture": "#0"},
				"south": {"uv": [9, 10, 10, 11], "rotation": 270, "texture": "#0"},
				"west": {"uv": [11, 11, 10, 10], "rotation": 270, "texture": "#0"},
				"up": {"uv": [10, 8, 11, 9], "rotation": 270, "texture": "#0"},
				"down": {"uv": [10, 9, 11, 10], "rotation": 270, "texture": "#0"}
			}
		},
		{
			"from": [8.5, 8.5, 8.5],
			"to": [7.5, 7.5, 7.5],
			"rotation": {"angle": 45, "axis": "y", "origin": [8, 8, 8]},
			"faces": {
				"north": {"uv": [8, 10, 9, 11], "rotation": 90, "texture": "#0"},
				"east": {"uv": [9, 11, 8, 12], "rotation": 270, "texture": "#0"},
				"south": {"uv": [9, 10, 10, 11], "rotation": 270, "texture": "#0"},
				"west": {"uv": [11, 11, 10, 10], "rotation": 270, "texture": "#0"},
				"up": {"uv": [10, 8, 11, 9], "rotation": 270, "texture": "#0"},
				"down": {"uv": [10, 9, 11, 10], "rotation": 270, "texture": "#0"}
			}
		},
		{
			"from": [7.5, 7.5, 7.5],
			"to": [8.5, 8.5, 8.5],
			"rotation": {"angle": 45, "axis": "y", "origin": [8, 8, 8]},
			"faces": {
				"north": {"uv": [8, 10, 9, 11], "rotation": 90, "texture": "#0"},
				"east": {"uv": [9, 11, 8, 12], "rotation": 270, "texture": "#0"},
				"south": {"uv": [9, 10, 10, 11], "rotation": 270, "texture": "#0"},
				"west": {"uv": [11, 11, 10, 10], "rotation": 270, "texture": "#0"},
				"up": {"uv": [10, 8, 11, 9], "rotation": 270, "texture": "#0"},
				"down": {"uv": [10, 9, 11, 10], "rotation": 270, "texture": "#0"}
			}
		}
	],
	"gui_light": "front",
	"display": {
		"thirdperson_righthand": {
			"rotation": [90, 0, 0],
			"translation": [0, 2.75, 0]
		},
		"thirdperson_lefthand": {
			"rotation": [90, 0, 0],
			"translation": [0, 2.75, 0]
		},
		"firstperson_righthand": {
			"rotation": [90, 0, 0],
			"translation": [0, 2.75, 0]
		},
		"firstperson_lefthand": {
			"rotation": [90, 0, 0],
			"translation": [0, 2.75, 0]
		},
		"ground": {
			"rotation": [90, 0, 0],
			"translation": [0, 3.75, 0]
		},
		"gui": {
			"rotation": [90, 0, 20],
			"translation": [0, 3, 0],
			"scale": [1.5, 1.5, 1.5]
		}
	},
	"groups": [
		0,
		1,
		{
			"name": "group",
			"origin": [8, 8, 8],
			"color": 0,
			"children": [
				{
					"name": "group",
					"origin": [8, 8, 8],
					"color": 0,
					"children": [2, 3]
				},
				{
					"name": "group",
					"origin": [8, 8, 8],
					"color": 0,
					"children": [4, 5]
				}
			]
		},
		{
			"name": "group",
			"origin": [8, 8, 8],
			"color": 0,
			"children": [
				{
					"name": "group",
					"origin": [8, 8, 8],
					"color": 0,
					"children": [6, 7]
				},
				{
					"name": "group",
					"origin": [8, 8, 8],
					"color": 0,
					"children": [8, 9]
				}
			]
		},
		10,
		{
			"name": "group",
			"origin": [8, 8, 8],
			"color": 0,
			"children": [
				{
					"name": "group",
					"origin": [8, 8, 8],
					"color": 0,
					"children": [11, 12]
				},
				{
					"name": "group",
					"origin": [8, 8, 8],
					"color": 0,
					"children": [13, 14]
				}
			]
		}
	]
}