{
	"credit": "Made with Blockbench",
	"textures": {
		"1": "item/glow_grad",
		"2": "item/white",
		"particle": "item/white"
	},
	"elements": [
		{
			"from": [10, 8, 10],
			"to": [13, 24, 13],
			"rotation": {"angle": 0, "axis": "y", "origin": [10, 8, 10]},
			"faces": {
				"north": {"uv": [0, 0, 3, 16], "texture": "#1"},
				"east": {"uv": [0, 0, 3, 16], "texture": "#1"},
				"south": {"uv": [0, 0, 3, 16], "texture": "#1"},
				"west": {"uv": [0, 0, 3, 16], "texture": "#1"}
			}
		},
		{
			"from": [13, 8, 10],
			"to": [10, 24, 13],
			"rotation": {"angle": 0, "axis": "y", "origin": [13, 8, 10]},
			"faces": {
				"north": {"uv": [0, 0, 3, 16], "texture": "#1"},
				"east": {"uv": [0, 0, 3, 16], "texture": "#1"},
				"south": {"uv": [0, 0, 3, 16], "texture": "#1"},
				"west": {"uv": [0, 0, 3, 16], "texture": "#1"}
			}
		},
		{
			"from": [6, 8, 10],
			"to": [3, 24, 13],
			"rotation": {"angle": 0, "axis": "y", "origin": [6, 8, 10]},
			"faces": {
				"north": {"uv": [0, 0, 3, 16], "texture": "#1"},
				"east": {"uv": [0, 0, 3, 16], "texture": "#1"},
				"south": {"uv": [0, 0, 3, 16], "texture": "#1"},
				"west": {"uv": [0, 0, 3, 16], "texture": "#1"}
			}
		},
		{
			"from": [6, 8, 3],
			"to": [3, 24, 6],
			"rotation": {"angle": 0, "axis": "y", "origin": [6, 8, 3]},
			"faces": {
				"north": {"uv": [0, 0, 3, 16], "texture": "#1"},
				"east": {"uv": [0, 0, 3, 16], "texture": "#1"},
				"south": {"uv": [0, 0, 3, 16], "texture": "#1"},
				"west": {"uv": [0, 0, 3, 16], "texture": "#1"}
			}
		},
		{
			"from": [13, 8, 3],
			"to": [10, 24, 6],
			"rotation": {"angle": 0, "axis": "y", "origin": [13, 8, 3]},
			"faces": {
				"north": {"uv": [0, 0, 3, 16], "texture": "#1"},
				"east": {"uv": [0, 0, 3, 16], "texture": "#1"},
				"south": {"uv": [0, 0, 3, 16], "texture": "#1"},
				"west": {"uv": [0, 0, 3, 16], "texture": "#1"}
			}
		},
		{
			"from": [3, 8, 3],
			"to": [6, 24, 6],
			"rotation": {"angle": 0, "axis": "y", "origin": [3, 8, 3]},
			"faces": {
				"north": {"uv": [0, 0, 3, 16], "texture": "#1"},
				"east": {"uv": [0, 0, 3, 16], "texture": "#1"},
				"south": {"uv": [0, 0, 3, 16], "texture": "#1"},
				"west": {"uv": [0, 0, 3, 16], "texture": "#1"}
			}
		},
		{
			"from": [10, 8, 3],
			"to": [13, 24, 6],
			"rotation": {"angle": 0, "axis": "y", "origin": [10, 8, 3]},
			"faces": {
				"north": {"uv": [0, 0, 3, 16], "texture": "#1"},
				"east": {"uv": [0, 0, 3, 16], "texture": "#1"},
				"south": {"uv": [0, 0, 3, 16], "texture": "#1"},
				"west": {"uv": [0, 0, 3, 16], "texture": "#1"}
			}
		},
		{
			"from": [3, 8, 10],
			"to": [6, 24, 13],
			"rotation": {"angle": 0, "axis": "y", "origin": [3, 8, 10]},
			"faces": {
				"north": {"uv": [0, 0, 3, 16], "texture": "#1"},
				"east": {"uv": [0, 0, 3, 16], "texture": "#1"},
				"south": {"uv": [0, 0, 3, 16], "texture": "#1"},
				"west": {"uv": [0, 0, 3, 16], "texture": "#1"}
			}
		},
		{
			"from": [3, 8, 3],
			"to": [6, 8, 6],
			"rotation": {"angle": 0, "axis": "y", "origin": [4, 6, 4]},
			"faces": {
				"north": {"uv": [0, 0, 16, 16], "texture": "#2"},
				"east": {"uv": [0, 0, 16, 16], "texture": "#2"},
				"south": {"uv": [0, 0, 16, 16], "texture": "#2"},
				"west": {"uv": [0, 0, 16, 16], "texture": "#2"},
				"up": {"uv": [0, 0, 16, 16], "texture": "#2"},
				"down": {"uv": [0, 0, 16, 16], "texture": "#2"}
			}
		},
		{
			"from": [10, 8, 3],
			"to": [13, 8, 6],
			"rotation": {"angle": 0, "axis": "y", "origin": [11, 6, 4]},
			"faces": {
				"north": {"uv": [0, 0, 16, 16], "texture": "#2"},
				"east": {"uv": [0, 0, 16, 16], "texture": "#2"},
				"south": {"uv": [0, 0, 16, 16], "texture": "#2"},
				"west": {"uv": [0, 0, 16, 16], "texture": "#2"},
				"up": {"uv": [0, 0, 16, 16], "texture": "#2"},
				"down": {"uv": [0, 0, 16, 16], "texture": "#2"}
			}
		},
		{
			"from": [10, 8, 10],
			"to": [13, 8, 13],
			"rotation": {"angle": 0, "axis": "y", "origin": [11, 6, 11]},
			"faces": {
				"north": {"uv": [0, 0, 16, 16], "texture": "#2"},
				"east": {"uv": [0, 0, 16, 16], "texture": "#2"},
				"south": {"uv": [0, 0, 16, 16], "texture": "#2"},
				"west": {"uv": [0, 0, 16, 16], "texture": "#2"},
				"up": {"uv": [0, 0, 16, 16], "texture": "#2"},
				"down": {"uv": [0, 0, 16, 16], "texture": "#2"}
			}
		},
		{
			"from": [3, 8, 10],
			"to": [6, 8, 13],
			"rotation": {"angle": 0, "axis": "y", "origin": [4, 6, 11]},
			"faces": {
				"north": {"uv": [0, 0, 16, 16], "texture": "#2"},
				"east": {"uv": [0, 0, 16, 16], "texture": "#2"},
				"south": {"uv": [0, 0, 16, 16], "texture": "#2"},
				"west": {"uv": [0, 0, 16, 16], "texture": "#2"},
				"up": {"uv": [0, 0, 16, 16], "texture": "#2"},
				"down": {"uv": [0, 0, 16, 16], "texture": "#2"}
			}
		}
	],
	"groups": [
		{
			"name": "group",
			"origin": [3, 0, 10],
			"color": 0,
			"children": [0, 1, 2, 3, 4, 5, 6, 7, 8, 9, 10, 11]
		}
	]
}