{
  "parent": "minecraft:item/generated",
  "textures": {
    "layer0": "minecraft:item/paper"
  },
  "overrides": [
		{ "predicate": {  "custom_model_data": 100 }, "model": "item/warp_portal_geo/0"},
		{ "predicate": {  "custom_model_data": 101 }, "model": "item/warp_portal_geo/1"},
		{ "predicate": {  "custom_model_data": 102 }, "model": "item/warp_portal_geo/2"},
		{ "predicate": {  "custom_model_data": 103 }, "model": "item/warp_portal_geo/3"},
		{ "predicate": {  "custom_model_data": 104 }, "model": "item/warp_portal_geo/4"},
		{ "predicate": {  "custom_model_data": 105 }, "model": "item/warp_portal_geo/5"},
		{ "predicate": {  "custom_model_data": 106 }, "model": "item/warp_portal_geo/6"},
		{ "predicate": {  "custom_model_data": 107 }, "model": "item/warp_portal_geo/7"},
		{ "predicate": {  "custom_model_data": 108 }, "model": "item/warp_portal_geo/8"},
		{ "predicate": {  "custom_model_data": 109 }, "model": "item/warp_portal_geo/9"},
		{ "predicate": {  "custom_model_data": 1010 }, "model": "item/warp_portal_geo/10"},
		{ "predicate": {  "custom_model_data": 1011 }, "model": "item/warp_portal_geo/11"},
		{ "predicate": {  "custom_model_data": 1012 }, "model": "item/warp_portal_geo/12"},
		{ "predicate": {  "custom_model_data": 1013 }, "model": "item/warp_portal_geo/13"},
		{ "predicate": {  "custom_model_data": 1014 }, "model": "item/warp_portal_geo/14"},
		{ "predicate": {  "custom_model_data": 1015 }, "model": "item/warp_portal_geo/15"},
		{ "predicate": {  "custom_model_data": 1016 }, "model": "item/warp_portal_geo/16"},
		{ "predicate": {  "custom_model_data": 1017 }, "model": "item/warp_portal_geo/17"},
		{ "predicate": {  "custom_model_data": 1018 }, "model": "item/warp_portal_geo/18"},
		{ "predicate": {  "custom_model_data": 1019 }, "model": "item/warp_portal_geo/19"},
		{ "predicate": {  "custom_model_data": 1020 }, "model": "item/warp_portal_geo/20"},
		{ "predicate": {  "custom_model_data": 1021 }, "model": "item/warp_portal_geo/21"},
		{ "predicate": {  "custom_model_data": 1022 }, "model": "item/warp_portal_geo/22"},
		{ "predicate": {  "custom_model_data": 1023 }, "model": "item/warp_portal_geo/23"},
		{ "predicate": {  "custom_model_data": 1024 }, "model": "item/warp_portal_geo/24"},
		{ "predicate": {  "custom_model_data": 1025 }, "model": "item/warp_portal_geo/25"},
		{ "predicate": {  "custom_model_data": 1026 }, "model": "item/warp_portal_geo/26"},
		{ "predicate": {  "custom_model_data": 1027 }, "model": "item/warp_portal_geo/27"},
		{ "predicate": {  "custom_model_data": 1028 }, "model": "item/warp_portal_geo/28"},
		{ "predicate": {  "custom_model_data": 1029 }, "model": "item/warp_portal_geo/29"},
		{ "predicate": {  "custom_model_data": 1030 }, "model": "item/warp_portal_geo/30"},
		{ "predicate": {  "custom_model_data": 1031 }, "model": "item/warp_portal_geo/31"},
		{ "predicate": {  "custom_model_data": 1032 }, "model": "item/warp_portal_geo/32"},
		{ "predicate": {  "custom_model_data": 1033 }, "model": "item/warp_portal_geo/33"},
		{ "predicate": {  "custom_model_data": 1034 }, "model": "item/warp_portal_geo/34"},
		{ "predicate": {  "custom_model_data": 1035 }, "model": "item/warp_portal_geo/35"},
		{ "predicate": {  "custom_model_data": 1036 }, "model": "item/warp_portal_geo/36"},
		{ "predicate": {  "custom_model_data": 1037 }, "model": "item/warp_portal_geo/37"},
		{ "predicate": {  "custom_model_data": 1038 }, "model": "item/warp_portal_geo/38"},
		{ "predicate": {  "custom_model_data": 1039 }, "model": "item/warp_portal_geo/39"},
		{ "predicate": {  "custom_model_data": 1040 }, "model": "item/warp_portal_geo/40"},
		{ "predicate": {  "custom_model_data": 1041 }, "model": "item/warp_portal_geo/41"},
		{ "predicate": {  "custom_model_data": 1042 }, "model": "item/warp_portal_geo/42"},
		{ "predicate": {  "custom_model_data": 1043 }, "model": "item/warp_portal_geo/43"},
		{ "predicate": {  "custom_model_data": 1044 }, "model": "item/warp_portal_geo/44"},
		{ "predicate": {  "custom_model_data": 1045 }, "model": "item/warp_portal_geo/45"},
		{ "predicate": {  "custom_model_data": 1046 }, "model": "item/warp_portal_geo/46"},
		{ "predicate": {  "custom_model_data": 1047 }, "model": "item/warp_portal_geo/47"},
		{ "predicate": {  "custom_model_data": 1048 }, "model": "item/warp_portal_geo/48"},
		{ "predicate": {  "custom_model_data": 1049 }, "model": "item/warp_portal_geo/49"},
		{ "predicate": {  "custom_model_data": 1050 }, "model": "item/warp_portal_geo/50"}
	]
}