{
	"credit": "Made with Blockbench",
	"textures": {
		"layer3": "item/placeable_explosive"
	},
	"elements": [
		{
			"from": [3, 2, 7.5],
			"to": [13, 14, 8.5],
			"rotation": {"angle": 0, "axis": "y", "origin": [2, 2, 6.5]},
			"faces": {
				"north": {"uv": [3, 2, 13, 14], "texture": "#layer3"},
				"east": {"uv": [3, 2, 4, 14], "texture": "#layer3"},
				"south": {"uv": [3, 2, 13, 14], "texture": "#layer3"},
				"west": {"uv": [12, 2, 13, 14], "texture": "#layer3"},
				"up": {"uv": [3, 2, 13, 3], "texture": "#layer3"},
				"down": {"uv": [3, 13, 13, 14], "texture": "#layer3"}
			}
		},
		{
			"from": [2, 3, 7.5],
			"to": [14, 13, 8.5],
			"rotation": {"angle": 0, "axis": "y", "origin": [2, 2, 6.5]},
			"faces": {
				"north": {"uv": [2, 3, 14, 13], "texture": "#layer3"},
				"east": {"uv": [2, 3, 3, 13], "texture": "#layer3"},
				"south": {"uv": [2, 3, 14, 13], "texture": "#layer3"},
				"west": {"uv": [14, 3, 13, 13], "texture": "#layer3"},
				"up": {"uv": [2, 3, 14, 4], "texture": "#layer3"},
				"down": {"uv": [2, 12, 14, 13], "texture": "#layer3"}
			}
		}
	],
	"gui_light": "front",
	"display": {
		"firstperson_righthand": {
			"rotation": [0, -90, 25],
			"translation": [1.13, 3.2, 1.13],
			"scale": [0.68, 0.68, 0.68]
		},
		"ground": {
			"translation": [0, 1.5, 0],
			"scale": [0.5, 0.5, 0.5]
		}
	}
}