{
	"credit": "Made with Blockbench",
	"textures": {
		"1": "item/warp_portal",
		"2": "item/inside_portal",
		"particle": "item/warp_portal"
	},
	"elements": [
		{
			"from": [0, 0, 7.99],
			"to": [16, 16, 7.99],
			"rotation": {"angle": 0, "axis": "y", "origin": [7, 0, 7]},
			"faces": {
				"north": {"uv": [0, 0, 16, 16], "texture": "#1"},
				"east": {"uv": [0, 0, 0, 16], "texture": "#missing"},
				"south": {"uv": [0, 0, 16, 16], "texture": "#1"},
				"west": {"uv": [0, 0, 0, 16], "texture": "#missing"},
				"up": {"uv": [0, 0, 16, 0], "texture": "#missing"},
				"down": {"uv": [0, 0, 16, 0], "texture": "#missing"}
			}
		},
		{
			"from": [12.75, 12.75, 24],
			"to": [3.25, 3.25, 8],
			"rotation": {"angle": 0, "axis": "y", "origin": [-0.25, -0.25, 23]},
			"faces": {
				"north": {"uv": [0.25, 0.25, 0.75, 0.75], "texture": "#2"},
				"east": {"uv": [1.25, 0.25, 1.75, 0.75], "texture": "#2"},
				"south": {"uv": [2.25, 0.25, 2.75, 0.75], "texture": "#2"},
				"west": {"uv": [3.25, 0.25, 3.75, 0.75], "texture": "#2"},
				"up": {"uv": [4.25, 0.25, 4.75, 0.75], "texture": "#2"},
				"down": {"uv": [5.25, 0.25, 5.75, 0.75], "texture": "#2"}
			}
		},
		{
			"from": [12.75, 12.75, 24],
			"to": [3.25, 3.25, 8],
			"rotation": {"angle": 45, "axis": "z", "origin": [8, 8, 16]},
			"faces": {
				"north": {"uv": [0.25, 0.25, 0.75, 0.75], "texture": "#2"},
				"east": {"uv": [1.25, 0.25, 1.75, 0.75], "texture": "#2"},
				"south": {"uv": [2.25, 0.25, 2.75, 0.75], "texture": "#2"},
				"west": {"uv": [3.25, 0.25, 3.75, 0.75], "texture": "#2"},
				"up": {"uv": [4.25, 0.25, 4.75, 0.75], "texture": "#2"},
				"down": {"uv": [5.25, 0.25, 5.75, 0.75], "texture": "#2"}
			}
		}
	]
}