{
	"credit": "Made with Blockbench",
	"textures": {
		"0": "item/shock_orb",
		"particle": "item/shock_orb"
	},
	"elements": [
		{
			"from": [0, 0, 0],
			"to": [16, 16, 16],
			"rotation": {"angle": 45, "axis": "x", "origin": [8, 8, 8]},
			"faces": {
				"north": {"uv": [0, 0, 16, 16], "texture": "#0", "tintindex": 1},
				"east": {"uv": [0, 0, 16, 16], "texture": "#0", "tintindex": 1},
				"south": {"uv": [0, 0, 16, 16], "texture": "#0", "tintindex": 1},
				"west": {"uv": [0, 0, 16, 16], "texture": "#0", "tintindex": 1},
				"up": {"uv": [0, 0, 16, 16], "texture": "#0", "tintindex": 1},
				"down": {"uv": [0, 0, 16, 16], "texture": "#0", "tintindex": 1}
			}
		},
		{
			"from": [16, 16, 16],
			"to": [0, 0, 0],
			"rotation": {"angle": -45, "axis": "z", "origin": [8, 8, 8]},
			"faces": {
				"north": {"uv": [0, 0, 16, 16], "texture": "#0", "tintindex": 1},
				"east": {"uv": [0, 0, 16, 16], "texture": "#0", "tintindex": 1},
				"south": {"uv": [0, 0, 16, 16], "texture": "#0", "tintindex": 1},
				"west": {"uv": [0, 0, 16, 16], "texture": "#0", "tintindex": 1},
				"up": {"uv": [0, 0, 16, 16], "texture": "#0", "tintindex": 1},
				"down": {"uv": [0, 0, 16, 16], "texture": "#0", "tintindex": 1}
			}
		},
		{
			"from": [16, 16, 16],
			"to": [0, 0, 0],
			"rotation": {"angle": 45, "axis": "y", "origin": [8, 8, 8]},
			"faces": {
				"north": {"uv": [0, 0, 16, 16], "texture": "#0", "tintindex": 1},
				"east": {"uv": [0, 0, 16, 16], "texture": "#0", "tintindex": 1},
				"south": {"uv": [0, 0, 16, 16], "texture": "#0", "tintindex": 1},
				"west": {"uv": [0, 0, 16, 16], "texture": "#0", "tintindex": 1},
				"up": {"uv": [0, 0, 16, 16], "texture": "#0", "tintindex": 1},
				"down": {"uv": [0, 0, 16, 16], "texture": "#0", "tintindex": 1}
			}
		},
		{
			"from": [16, 16, 16],
			"to": [0, 0, 0],
			"rotation": {"angle": 45, "axis": "x", "origin": [8, 8, 8]},
			"faces": {
				"north": {"uv": [0, 0, 16, 16], "texture": "#0", "tintindex": 1},
				"east": {"uv": [0, 0, 16, 16], "texture": "#0", "tintindex": 1},
				"south": {"uv": [0, 0, 16, 16], "texture": "#0", "tintindex": 1},
				"west": {"uv": [0, 0, 16, 16], "texture": "#0", "tintindex": 1},
				"up": {"uv": [0, 0, 16, 16], "texture": "#0", "tintindex": 1},
				"down": {"uv": [0, 0, 16, 16], "texture": "#0", "tintindex": 1}
			}
		},
		{
			"from": [0, 0, 0],
			"to": [16, 16, 16],
			"rotation": {"angle": 45, "axis": "y", "origin": [8, 8, 8]},
			"faces": {
				"north": {"uv": [0, 0, 16, 16], "texture": "#0", "tintindex": 1},
				"east": {"uv": [0, 0, 16, 16], "texture": "#0", "tintindex": 1},
				"south": {"uv": [0, 0, 16, 16], "texture": "#0", "tintindex": 1},
				"west": {"uv": [0, 0, 16, 16], "texture": "#0", "tintindex": 1},
				"up": {"uv": [0, 0, 16, 16], "texture": "#0", "tintindex": 1},
				"down": {"uv": [0, 0, 16, 16], "texture": "#0", "tintindex": 1}
			}
		},
		{
			"from": [0, 0, 0],
			"to": [16, 16, 16],
			"rotation": {"angle": -45, "axis": "z", "origin": [8, 8, 8]},
			"faces": {
				"north": {"uv": [0, 0, 16, 16], "texture": "#0", "tintindex": 1},
				"east": {"uv": [0, 0, 16, 16], "texture": "#0", "tintindex": 1},
				"south": {"uv": [0, 0, 16, 16], "texture": "#0", "tintindex": 1},
				"west": {"uv": [0, 0, 16, 16], "texture": "#0", "tintindex": 1},
				"up": {"uv": [0, 0, 16, 16], "texture": "#0", "tintindex": 1},
				"down": {"uv": [0, 0, 16, 16], "texture": "#0", "tintindex": 1}
			}
		}
	]
}