{
	"credit": "Made with Blockbench",
	"textures": {
		"0": "item/suit_colour_selection",
		"particle": "item/suit_colour_selection"
	},
	"elements": [
		{
			"from": [0, 0, 0],
			"to": [0, 16, 16],
			"faces": {
				"north": {"uv": [0, 0, 0, 16], "texture": "#missing"},
				"east": {"uv": [0, 0, 16, 16], "texture": "#0"},
				"south": {"uv": [0, 0, 0, 16], "texture": "#missing"},
				"west": {"uv": [0, 0, 16, 16], "texture": "#0"},
				"up": {"uv": [0, 0, 0, 16], "texture": "#missing"},
				"down": {"uv": [0, 0, 0, 16], "texture": "#missing"}
			}
		}
	]
}