{
	"credit": "Made with Blockbench",
	"texture_size": [16, 48],
	"textures": {
		"0": "block/server_rack",
		"1": "block/server_rack_side",
		"particle": "block/server_rack"
	},
	"elements": [
		{
			"from": [0, 0, 0],
			"to": [16, 16, 16],
			"faces": {
				"north": {"uv": [0, 10.66667, 16, 16], "texture": "#0"},
				"east": {"uv": [0, 10.66667, 16, 16], "texture": "#1"},
				"south": {"uv": [0, 0, 16, 16], "texture": "#missing"},
				"west": {"uv": [0, 10.66667, 16, 16], "texture": "#1"},
				"up": {"uv": [0, 10.66667, 16, 16], "texture": "#1"},
				"down": {"uv": [0, 10.66667, 16, 16], "texture": "#1"}
			}
		}
	]
}