{
	"credit": "Made with Blockbench",
	"parent": "minecraft:block/cross",
	"textures": {
		"cross": "block/large_amethyst_bud"
	},
	"elements": [
		{
			"from": [8, -2, 0],
			"to": [8, 14, 16],
			"rotation": {"angle": 0, "axis": "y", "origin": [8, -2, 7]},
			"faces": {
				"north": {"uv": [0, 0, 0, 16], "texture": "#missing"},
				"east": {"uv": [0, 0, 16, 16], "texture": "#cross"},
				"south": {"uv": [0, 0, 0, 16], "texture": "#missing"},
				"west": {"uv": [0, 0, 16, 16], "texture": "#cross"},
				"up": {"uv": [0, 0, 0, 16], "texture": "#missing"},
				"down": {"uv": [0, 0, 0, 16], "texture": "#missing"}
			}
		},
		{
			"from": [0, -2, 8],
			"to": [16, 14, 8],
			"rotation": {"angle": 0, "axis": "y", "origin": [7, -2, 8]},
			"faces": {
				"north": {"uv": [0, 0, 16, 16], "texture": "#cross"},
				"east": {"uv": [0, 0, 0, 16], "texture": "#missing"},
				"south": {"uv": [0, 0, 16, 16], "texture": "#cross"},
				"west": {"uv": [0, 0, 0, 16], "texture": "#missing"},
				"up": {"uv": [0, 0, 0, 16], "rotation": 270, "texture": "#missing"},
				"down": {"uv": [0, 0, 0, 16], "rotation": 90, "texture": "#missing"}
			}
		}
	]
}