{
	"credit": "Made with Blockbench",
	"texture_size": [16, 48],
	"textures": {
		"0": "block/server_rack",
		"1": "block/server_rack_top",
		"2": "block/server_rack_side",
		"particle": "block/server_rack"
	},
	"elements": [
		{
			"from": [0, 0, 0],
			"to": [16, 16, 16],
			"faces": {
				"north": {"uv": [0, 0, 16, 5.33333], "texture": "#0"},
				"east": {"uv": [0, 0, 16, 5.33333], "texture": "#2"},
				"south": {"uv": [0, 0, 16, 16], "texture": "#missing"},
				"west": {"uv": [0, 0, 16, 5.33333], "texture": "#2"},
				"up": {"uv": [16, 16, 0, 0], "texture": "#1"},
				"down": {"uv": [0, 0, 16, 5.33333], "texture": "#2"}
			}
		}
	]
}